A,R,T,Y
1.0,0.10165984183549881,-3.186716318130493,0.0
1.0,-1.5360946655273438,-0.8469393253326416,0.0
0.0,-1.5162110328674316,-0.03987675905227661,0.0
1.0,0.4524364471435547,0.5406174659729004,0.0
1.0,1.9351332187652588,0.12072881311178207,1.0
1.0,-2.231131076812744,-0.6738690137863159,0.0
0.0,0.416023313999176,1.6952111721038818,0.0
0.0,-0.4026360511779785,-1.6746950149536133,1.0
0.0,-1.9664475917816162,0.6790280342102051,0.0
0.0,-1.015904426574707,1.126741647720337,1.0
0.0,-0.7640018463134766,2.2864742279052734,1.0
1.0,-0.20218610763549805,-1.0850492715835571,1.0
0.0,-0.061145782470703125,-0.18248385190963745,1.0
0.0,0.2972777783870697,-0.4300093948841095,1.0
0.0,-1.0037834644317627,1.5939849615097046,0.0
1.0,-0.22753024101257324,0.08226996660232544,0.0
0.0,-0.07569686323404312,4.397845268249512,1.0
1.0,-1.4050981998443604,-0.8708117604255676,0.0
0.0,2.0489883422851562,-1.4785056114196777,1.0
0.0,-0.41588515043258667,0.3094916343688965,0.0
1.0,0.01029956340789795,-1.2619671821594238,0.0
1.0,1.0546276569366455,-0.9949568510055542,1.0
0.0,0.6415659189224243,1.137480616569519,1.0
0.0,-0.7329750657081604,2.7311031818389893,0.0
1.0,1.8293293714523315,0.6186832189559937,0.0
1.0,1.2371165752410889,-0.008924543857574463,1.0
1.0,-0.24333679676055908,0.4105139970779419,0.0
1.0,-0.4540049135684967,-1.855661153793335,1.0
1.0,1.6583335399627686,1.9725372791290283,1.0
1.0,0.036763995885849,-1.7563055753707886,0.0
1.0,-1.9264416694641113,-1.4433259963989258,1.0
0.0,-0.7786843776702881,2.3660659790039062,0.0
0.0,0.28352707624435425,-1.6599053144454956,0.0
0.0,-2.178373336791992,0.4757433235645294,0.0
1.0,-0.5421363115310669,0.3513723611831665,1.0
0.0,0.6837090253829956,0.8006491661071777,0.0
0.0,1.4896833896636963,1.3660781383514404,1.0
1.0,-0.20266243815422058,-0.4458405077457428,0.0
0.0,-1.475678563117981,-1.6695477962493896,0.0
0.0,-2.5643200874328613,0.8128995895385742,0.0
1.0,0.10951647162437439,-0.0666571855545044,0.0
1.0,-0.003168642520904541,0.2598917484283447,1.0
0.0,-1.1051180362701416,-0.21405266225337982,0.0
1.0,-0.5657588839530945,1.7397726774215698,1.0
1.0,0.5081241130828857,-1.396986484527588,0.0
1.0,-1.5047566890716553,-1.803675889968872,0.0
0.0,0.3711407780647278,0.5804599523544312,1.0
0.0,-0.402570515871048,0.07983267307281494,1.0
1.0,1.0933865308761597,-1.3904393911361694,0.0
1.0,0.8222084045410156,-0.3991614282131195,0.0
0.0,-1.7073161602020264,1.5354989767074585,0.0
0.0,1.4869744777679443,0.12643128633499146,1.0
0.0,0.5109468698501587,-0.04051649570465088,1.0
1.0,2.3793745040893555,-1.5738458633422852,1.0
0.0,-1.093254566192627,-1.267142653465271,1.0
0.0,0.17323987185955048,-0.17035746574401855,1.0
0.0,0.9850214719772339,-0.004896402359008789,1.0
0.0,1.8450872898101807,1.8189060688018799,1.0
0.0,-1.48179030418396,-2.015657663345337,0.0
1.0,-0.4039278030395508,-0.7367616891860962,0.0
1.0,2.1711983680725098,1.0733668804168701,1.0
1.0,0.4488235414028168,1.7795085906982422,0.0
0.0,1.0217552185058594,2.4413866996765137,1.0
0.0,-2.7516632080078125,1.2787039279937744,0.0
1.0,2.908806324005127,0.08836135268211365,0.0
1.0,1.5294374227523804,-0.4488000273704529,1.0
0.0,-0.3003988265991211,0.8969305157661438,1.0
1.0,-0.9017171263694763,-3.217967987060547,0.0
0.0,-0.5922479033470154,-0.41457343101501465,0.0
0.0,0.2034168243408203,-0.3124656081199646,0.0
1.0,0.7259140610694885,-2.3412911891937256,0.0
1.0,0.6787474751472473,-0.5536133050918579,1.0
1.0,0.18416160345077515,-0.5522056818008423,1.0
0.0,-0.25405412912368774,1.8274955749511719,1.0
0.0,0.40258103609085083,1.3592643737792969,0.0
1.0,1.2494672536849976,-0.5922014117240906,0.0
0.0,1.8163833618164062,3.8317384719848633,1.0
0.0,-2.543290376663208,-1.6203508377075195,0.0
0.0,-2.0931811332702637,-0.39489829540252686,0.0
1.0,0.6989740133285522,-2.681044578552246,0.0
1.0,-0.4079568386077881,0.033559590578079224,0.0
0.0,-0.7338626980781555,0.17402714490890503,0.0
1.0,0.05686718225479126,0.5719672441482544,1.0
0.0,0.6908373236656189,0.3645765781402588,1.0
0.0,0.8690510988235474,0.2252752184867859,1.0
0.0,-3.092900037765503,-0.025668799877166748,0.0
0.0,2.404618501663208,2.4048609733581543,1.0
1.0,-0.6923940777778625,0.7125831842422485,0.0
0.0,0.6032356023788452,1.6004140377044678,1.0
1.0,2.450669765472412,1.7314263582229614,1.0
1.0,0.24242755770683289,-2.407050609588623,0.0
0.0,-0.8044126629829407,-0.9030766487121582,1.0
0.0,-0.7288044691085815,-0.7733966708183289,0.0
0.0,1.6696141958236694,1.2518694400787354,1.0
1.0,-1.0958610773086548,0.35040032863616943,1.0
0.0,-1.6301817893981934,-1.1518532037734985,0.0
0.0,1.3620315790176392,-0.6045860052108765,0.0
0.0,0.5639745593070984,0.6517200469970703,0.0
1.0,-2.0922980308532715,-1.4475984573364258,0.0
0.0,1.6963684558868408,0.05261528491973877,1.0
0.0,-3.1769134998321533,0.6035513281822205,0.0
1.0,0.18838846683502197,-1.6144275665283203,1.0
0.0,0.6909356117248535,1.0708024501800537,1.0
1.0,0.6862585544586182,0.2367994785308838,1.0
0.0,-0.0336153507232666,0.8676135540008545,0.0
1.0,-1.0440125465393066,-1.8458647727966309,0.0
0.0,-0.2861526906490326,1.1439969539642334,0.0
0.0,0.7728939056396484,3.061089277267456,1.0
1.0,-2.867377758026123,-1.2912654876708984,0.0
0.0,-2.080533027648926,0.6398534178733826,0.0
0.0,0.3031730651855469,-0.7137191295623779,0.0
0.0,-0.09358888864517212,-0.44714027643203735,1.0
0.0,-0.3510053753852844,1.5169830322265625,1.0
1.0,0.08492964506149292,-3.8010663986206055,0.0
0.0,-2.094433307647705,-1.0570191144943237,0.0
1.0,-0.33175453543663025,0.1269599199295044,1.0
0.0,-0.604042112827301,0.17760944366455078,1.0
1.0,-2.187575340270996,-2.7704243659973145,0.0
1.0,-0.7037980556488037,-0.20993824303150177,1.0
0.0,-0.3331325650215149,0.527942419052124,0.0
0.0,-2.114790201187134,-1.2577396631240845,0.0
0.0,0.5773845314979553,0.979882538318634,0.0
0.0,0.7237464785575867,-1.2490200996398926,1.0
0.0,1.0680510997772217,3.879277229309082,1.0
0.0,-2.0546135902404785,1.8121740818023682,0.0
1.0,1.9122328758239746,-0.4110197126865387,1.0
1.0,-0.16450530290603638,-0.1993529200553894,0.0
1.0,0.4967566132545471,0.9265463352203369,1.0
0.0,0.7153208255767822,1.7133588790893555,1.0
0.0,1.0194326639175415,1.9359016418457031,1.0
0.0,-0.5634093284606934,-0.18066537380218506,0.0
0.0,0.019494354724884033,-0.922687292098999,1.0
0.0,-2.031449794769287,-0.2514744997024536,0.0
0.0,0.030346691608428955,2.27378511428833,0.0
0.0,-1.4487214088439941,1.3212212324142456,1.0
0.0,-0.44272276759147644,1.7899171113967896,1.0
0.0,0.31148597598075867,0.8234036564826965,1.0
1.0,-2.055760383605957,1.145923376083374,0.0
0.0,0.5230051875114441,-1.7441145181655884,0.0
1.0,0.4020099937915802,0.06726078689098358,1.0
0.0,-0.8876374363899231,0.7625319361686707,0.0
0.0,-0.3910399377346039,-1.380666732788086,1.0
1.0,1.8621864318847656,1.0388346910476685,1.0
1.0,-0.012156069278717041,-0.3968597650527954,0.0
0.0,-0.3441823720932007,0.005067110061645508,1.0
0.0,-0.1233033835887909,-1.5564653873443604,1.0
0.0,-0.1747753620147705,1.1093003749847412,1.0
1.0,0.9618440866470337,-2.14471435546875,1.0
1.0,-0.28717905282974243,-3.7373061180114746,0.0
1.0,-2.2138726711273193,0.16314244270324707,0.0
1.0,-0.6423129439353943,0.8665831685066223,0.0
1.0,-0.5479065775871277,1.9597004652023315,0.0
1.0,0.6434400081634521,1.1839075088500977,1.0
1.0,-2.7999775409698486,-0.8384544849395752,0.0
0.0,-0.20482414960861206,-0.364152729511261,1.0
0.0,0.859346866607666,1.844826340675354,0.0
1.0,-2.084531784057617,-1.9861440658569336,0.0
0.0,2.379704236984253,2.3617236614227295,0.0
1.0,-0.4163150489330292,-0.5799417495727539,0.0
0.0,-0.09132015705108643,1.0841785669326782,0.0
0.0,-0.514434814453125,1.6552566289901733,0.0
1.0,-1.4650492668151855,-0.7468006014823914,0.0
0.0,-1.4337071180343628,-1.5728338956832886,0.0
0.0,0.3506568372249603,1.1665111780166626,1.0
0.0,-0.7484359741210938,-0.7483007907867432,0.0
1.0,-1.2350683212280273,-1.2723050117492676,0.0
0.0,-2.3932788372039795,0.5048255920410156,0.0
1.0,-0.3549126088619232,-2.9567465782165527,0.0
0.0,-1.4618568420410156,1.1367658376693726,0.0
1.0,-2.76045560836792,-3.220643997192383,0.0
1.0,1.4820730686187744,1.8283807039260864,1.0
0.0,1.0450283288955688,2.68562650680542,0.0
1.0,0.3048723638057709,0.1126745194196701,1.0
0.0,1.507312536239624,1.9332950115203857,1.0
0.0,1.0740140676498413,-1.3660399913787842,0.0
1.0,-1.9248967170715332,-0.30580341815948486,0.0
0.0,1.298414707183838,0.44146132469177246,0.0
1.0,-1.2437562942504883,-0.18890661001205444,0.0
1.0,-0.5858647227287292,-3.4509172439575195,0.0
0.0,-0.9521210789680481,-0.71651291847229,1.0
1.0,-0.9022643566131592,-1.4740580320358276,0.0
1.0,-0.7054590582847595,-4.38728141784668,0.0
0.0,0.3395061492919922,0.45959150791168213,0.0
0.0,-2.5970778465270996,-0.5230069756507874,1.0
1.0,0.6198557615280151,1.628882884979248,1.0
1.0,0.7058725357055664,0.9582569599151611,0.0
1.0,1.6009448766708374,-0.8154205083847046,1.0
1.0,-0.6460489630699158,-0.9772601127624512,0.0
1.0,-0.09411385655403137,-1.0280965566635132,0.0
0.0,-2.649475574493408,0.4514433741569519,0.0
0.0,-0.29347357153892517,0.7441421747207642,1.0
1.0,-1.4808709621429443,-1.4090604782104492,0.0
0.0,0.5956441760063171,-0.7401179671287537,1.0
0.0,0.8024845719337463,-0.12025180459022522,1.0
1.0,-0.5239353179931641,-1.4810683727264404,0.0
0.0,-0.0713491439819336,1.831973671913147,1.0
1.0,-0.6030887365341187,1.019178867340088,0.0
1.0,0.3228151798248291,0.2503989636898041,0.0
0.0,0.9710652828216553,-0.6302172541618347,1.0
0.0,-0.7097809314727783,-0.21189284324645996,0.0
1.0,1.0134626626968384,4.139952659606934,1.0
1.0,-1.0682752132415771,1.374015212059021,1.0
1.0,-1.8123316764831543,-2.487004518508911,0.0
0.0,-0.34235042333602905,0.7090858817100525,0.0
0.0,2.2800612449645996,2.326444625854492,1.0
1.0,0.9636498093605042,-2.0331170558929443,0.0
0.0,-2.7565789222717285,-3.235633373260498,0.0
0.0,2.349891185760498,-0.5872123837471008,1.0
1.0,0.84950852394104,-1.0071070194244385,0.0
1.0,-1.4731608629226685,-1.5292181968688965,0.0
1.0,-0.9760124683380127,0.28661227226257324,0.0
1.0,-1.1040658950805664,0.14829915761947632,1.0
1.0,-1.556562066078186,-1.0048511028289795,0.0
0.0,0.5774941444396973,1.2345752716064453,0.0
1.0,-1.9264498949050903,0.47585412859916687,0.0
1.0,0.1678394228219986,1.9090344905853271,0.0
0.0,-0.6414668560028076,-0.3555868864059448,0.0
0.0,0.6088969707489014,-0.4222908020019531,1.0
0.0,-0.3082072138786316,1.331080675125122,0.0
0.0,0.5018577575683594,-0.7067872285842896,1.0
1.0,-0.11900920420885086,-1.2080990076065063,1.0
1.0,0.005495548248291016,-1.1831402778625488,0.0
1.0,-0.5411626696586609,-0.12691164016723633,0.0
1.0,1.5244660377502441,-0.6202535033226013,1.0
0.0,0.5508852005004883,2.299938440322876,1.0
1.0,1.0669010877609253,0.5210914611816406,1.0
1.0,-0.3488413989543915,1.0328996181488037,1.0
1.0,-0.5101696848869324,-1.7681095600128174,0.0
0.0,-1.2730389833450317,0.5428139567375183,0.0
1.0,-0.2899530827999115,-0.11663968861103058,0.0
1.0,-0.02251136302947998,-0.5844496488571167,0.0
0.0,-0.16434036195278168,1.211122989654541,0.0
1.0,-0.6491388082504272,-4.033430576324463,1.0
0.0,-1.0454092025756836,1.1465516090393066,0.0
0.0,1.6566792726516724,-0.01771831512451172,0.0
1.0,0.24482250213623047,-1.966691493988037,1.0
1.0,-1.0849030017852783,-1.548280954360962,0.0
1.0,1.6267203092575073,1.3004083633422852,1.0
0.0,0.9450428485870361,1.5359432697296143,1.0
1.0,-0.9231504201889038,1.4027162790298462,1.0
0.0,-2.433170795440674,0.03254246711730957,1.0
0.0,-0.06125776469707489,1.777382731437683,1.0
0.0,0.7467091083526611,0.8461477160453796,0.0
1.0,-0.7646018862724304,-2.7679202556610107,0.0
1.0,-1.330543041229248,0.14544719457626343,0.0
1.0,0.3156972825527191,-1.7216776609420776,0.0
1.0,-0.3298894166946411,0.1149933934211731,1.0
0.0,-0.8955388069152832,-1.3295998573303223,1.0
0.0,2.3975515365600586,1.5666661262512207,1.0
0.0,0.5753130912780762,1.8688310384750366,1.0
1.0,-1.91957426071167,1.6712749004364014,0.0
1.0,0.34576416015625,-0.8866348266601562,1.0
1.0,1.2639503479003906,0.8760275840759277,1.0
0.0,0.2754665017127991,0.8337916135787964,1.0
0.0,-0.34728381037712097,-1.4857691526412964,0.0
0.0,2.884228229522705,0.4399096965789795,1.0
1.0,0.8419641852378845,1.9295921325683594,1.0
1.0,0.8683491945266724,-0.37652742862701416,1.0
0.0,-1.0542445182800293,0.024984419345855713,1.0
0.0,1.924888253211975,-1.314954400062561,1.0
1.0,-1.185892105102539,1.2461309432983398,0.0
1.0,-0.4579557180404663,-1.8630146980285645,0.0
1.0,-2.1633694171905518,-1.9135384559631348,0.0
1.0,-2.6582648754119873,-0.8679847717285156,0.0
1.0,1.11492919921875,-0.8638467192649841,1.0
1.0,-0.3739834427833557,-0.9295322299003601,0.0
1.0,-0.10270112007856369,-1.3730621337890625,1.0
1.0,-0.13957250118255615,1.094407558441162,1.0
0.0,-2.6765034198760986,4.111080646514893,0.0
0.0,-1.741389513015747,-0.3154888153076172,0.0
0.0,-0.1563895046710968,-0.10586720705032349,0.0
1.0,-0.4819924235343933,-0.5116838216781616,1.0
0.0,1.695373296737671,0.21915346384048462,1.0
0.0,-0.3524363040924072,0.8491425514221191,1.0
0.0,-1.0777238607406616,-2.078209400177002,0.0
1.0,0.47838443517684937,-1.3897311687469482,0.0
0.0,-0.1281152069568634,0.9911385774612427,1.0
1.0,-0.8333314061164856,0.8290178775787354,0.0
1.0,-1.3575114011764526,-1.292717456817627,0.0
1.0,-0.7379555702209473,-1.4809112548828125,0.0
0.0,0.48799654841423035,0.8782038688659668,1.0
1.0,0.22122922539710999,-0.45051395893096924,0.0
0.0,-2.094546318054199,1.043906331062317,1.0
1.0,-1.096714973449707,0.0727415680885315,0.0
0.0,-2.1988039016723633,0.0168154239654541,0.0
0.0,2.7258996963500977,1.6625860929489136,1.0
1.0,-3.321450710296631,-2.2480602264404297,0.0
0.0,-0.739783763885498,0.584294855594635,0.0
0.0,1.6377756595611572,0.09230716526508331,0.0
1.0,0.816032886505127,3.4899868965148926,1.0
0.0,-1.4799022674560547,1.1762224435806274,0.0
0.0,-0.12822875380516052,-0.5151576399803162,1.0
0.0,1.4414607286453247,0.9413949847221375,0.0
0.0,1.3025130033493042,-0.25105568766593933,1.0
0.0,0.5451897382736206,2.0495245456695557,1.0
0.0,-0.5597364902496338,0.09699363261461258,1.0
1.0,0.6728720664978027,-0.188812255859375,0.0
0.0,-1.4861674308776855,-0.24216586351394653,0.0
0.0,0.5542309880256653,2.8864173889160156,1.0
1.0,-0.5303252935409546,-2.979243278503418,0.0
1.0,-0.7116341590881348,-1.8420360088348389,0.0
1.0,-0.6647769808769226,-0.9432820677757263,0.0
0.0,-0.2477831244468689,2.009861946105957,0.0
1.0,0.8913790583610535,-2.337005615234375,1.0
0.0,-0.5395549535751343,-0.5818401575088501,0.0
1.0,-0.32544824481010437,3.1927289962768555,1.0
0.0,-0.17722171545028687,-0.322607159614563,0.0
1.0,-0.6146840453147888,0.18914256989955902,1.0
0.0,0.12203633785247803,-0.7480042576789856,1.0
0.0,0.8644153475761414,-1.0603597164154053,1.0
0.0,1.9572702646255493,0.8354151248931885,1.0
0.0,0.42007729411125183,1.1244046688079834,0.0
1.0,1.7649439573287964,0.2820400893688202,1.0
0.0,1.9019746780395508,1.0745693445205688,1.0
1.0,-2.299898386001587,-3.454271078109741,0.0
1.0,-1.3360546827316284,1.0012612342834473,0.0
1.0,1.3278762102127075,-1.252872109413147,0.0
1.0,-0.7809539437294006,-0.562991201877594,0.0
1.0,0.3015819787979126,-2.337440013885498,0.0
1.0,-0.5616222620010376,-1.0233192443847656,0.0
1.0,-0.569857120513916,-1.6066209077835083,0.0
1.0,-0.9926601052284241,-2.1796061992645264,1.0
1.0,1.5175609588623047,-0.006214916706085205,1.0
0.0,-1.1063344478607178,0.10708886384963989,1.0
1.0,2.2382071018218994,0.5630786418914795,1.0
1.0,-0.8805534243583679,-1.5523391962051392,0.0
1.0,-0.8108394145965576,0.022811055183410645,1.0
1.0,0.5987873673439026,0.4104185104370117,1.0
0.0,-0.6456584334373474,1.69563627243042,1.0
0.0,-1.210661768913269,-0.41123226284980774,0.0
0.0,2.3206026554107666,0.24874582886695862,0.0
1.0,-0.3199131190776825,1.1014299392700195,0.0
0.0,-3.068406820297241,-0.2673897445201874,0.0
1.0,-0.5195387601852417,-1.9792771339416504,0.0
1.0,-0.07222097367048264,0.6288149952888489,0.0
0.0,-1.3597344160079956,-0.5712117552757263,0.0
0.0,0.40523648262023926,-0.3944988250732422,0.0
0.0,1.9468438625335693,1.8609156608581543,1.0
1.0,-1.2642779350280762,-1.859803318977356,0.0
0.0,0.6273999214172363,2.0770351886749268,1.0
0.0,-1.8452248573303223,-1.7287609577178955,0.0
1.0,1.4189343452453613,-0.5308113694190979,0.0
0.0,1.2110811471939087,1.1532692909240723,1.0
0.0,-0.0779159665107727,1.2194108963012695,0.0
0.0,0.7403452396392822,0.6306201219558716,1.0
0.0,-0.8694567680358887,1.5349327325820923,1.0
0.0,1.1300048828125,-0.21382683515548706,0.0
0.0,-0.3302222192287445,-0.11108805239200592,1.0
1.0,-0.08801804482936859,1.820098876953125,0.0
0.0,-1.1285171508789062,0.5273630023002625,1.0
0.0,0.8269387483596802,1.1182810068130493,0.0
1.0,0.8489211797714233,-0.8791244626045227,1.0
0.0,-2.3916549682617188,1.782348871231079,0.0
1.0,0.7149989008903503,-1.2738077640533447,0.0
1.0,1.0202934741973877,2.5350964069366455,1.0
0.0,-2.1930556297302246,1.1614686250686646,1.0
1.0,-0.25265270471572876,-0.6260303854942322,0.0
0.0,-0.502907395362854,-1.5476514101028442,0.0
0.0,-1.303001046180725,0.5314334630966187,0.0
0.0,-0.27846628427505493,0.36041414737701416,1.0
0.0,1.8160827159881592,-0.2137649953365326,1.0
0.0,-1.1965351104736328,0.12163949012756348,1.0
1.0,-0.15604224801063538,-0.6689451932907104,0.0
1.0,0.6898944973945618,-1.039354681968689,1.0
0.0,0.765080451965332,1.3425414562225342,0.0
0.0,0.051395416259765625,0.8294426798820496,1.0
1.0,-0.13382036983966827,-1.385251522064209,0.0
1.0,-0.582919716835022,-2.194359064102173,0.0
0.0,-0.7007590532302856,-0.8966801762580872,1.0
1.0,1.0462262630462646,-0.17314760386943817,0.0
1.0,-0.035781145095825195,0.764812171459198,1.0
0.0,-0.6634639501571655,0.19207245111465454,0.0
1.0,0.5310218930244446,0.04875540733337402,1.0
1.0,-1.808563470840454,1.4650590419769287,0.0
1.0,2.33280873298645,1.2606369256973267,1.0
0.0,0.27976691722869873,0.5766962170600891,0.0
1.0,-2.2331042289733887,0.8856551647186279,0.0
1.0,-1.385298490524292,-0.7887190580368042,0.0
0.0,1.890014886856079,2.4176435470581055,1.0
0.0,0.9516477584838867,0.7576768398284912,1.0
0.0,0.2576631009578705,2.921079397201538,1.0
1.0,0.6111719012260437,-0.3645537197589874,0.0
0.0,0.30530327558517456,1.6408722400665283,0.0
0.0,1.169961929321289,-0.41160792112350464,0.0
1.0,-0.5272663831710815,-2.5641963481903076,0.0
0.0,1.0329326391220093,0.3337875008583069,1.0
0.0,0.09681279957294464,-0.01250302791595459,1.0
1.0,0.8351035118103027,0.5461847186088562,1.0
1.0,-0.6405850648880005,-2.6372647285461426,1.0
0.0,1.3897643089294434,2.483877182006836,1.0
1.0,-2.165224075317383,-4.1383867263793945,0.0
1.0,2.31866717338562,2.5378808975219727,1.0
1.0,-2.6856777667999268,-3.012882709503174,0.0
1.0,0.6613539457321167,-2.166694164276123,0.0
0.0,1.0536060333251953,0.461861252784729,1.0
1.0,0.8457021713256836,1.1792892217636108,0.0
0.0,1.4823534488677979,0.8380028605461121,0.0
0.0,0.24929571151733398,-2.900747299194336,1.0
0.0,1.9676616191864014,1.0749729871749878,1.0
0.0,1.1517984867095947,1.8646339178085327,1.0
0.0,1.0128567218780518,0.7851404547691345,0.0
0.0,-0.13941973447799683,1.1936607360839844,1.0
1.0,-0.39963477849960327,-1.899338960647583,0.0
1.0,-1.174946904182434,-1.0388177633285522,0.0
0.0,1.6849017143249512,-0.024919748306274414,1.0
0.0,2.1809964179992676,0.5558707118034363,1.0
0.0,-0.4462622106075287,0.20734745264053345,0.0
0.0,-0.061920374631881714,0.8248332738876343,0.0
1.0,0.042286068201065063,0.6991584300994873,0.0
1.0,0.10332121700048447,-0.12848299741744995,0.0
0.0,1.5004127025604248,2.0923452377319336,1.0
1.0,2.08679461479187,-1.901148796081543,0.0
1.0,-0.25092607736587524,-1.1870876550674438,0.0
0.0,-1.0524269342422485,-1.428831934928894,1.0
0.0,-0.6078528761863708,-0.6568788290023804,0.0
0.0,-0.06459319591522217,-0.4301457405090332,0.0
0.0,0.2788911461830139,-1.9356361627578735,0.0
0.0,1.2334859371185303,1.8073878288269043,1.0
0.0,-0.10223007202148438,-1.7484389543533325,0.0
0.0,-1.0194505453109741,-0.9046469330787659,0.0
1.0,-0.0963665246963501,-0.9799043536186218,0.0
0.0,-1.7788392305374146,-0.651820719242096,0.0
1.0,-1.2270596027374268,0.37197497487068176,0.0
0.0,3.172778844833374,-0.35286587476730347,0.0
0.0,-1.653826355934143,1.7579808235168457,0.0
0.0,-1.3921072483062744,1.2764354944229126,1.0
1.0,0.32868626713752747,-0.15308237075805664,0.0
1.0,0.3567659854888916,0.3335508406162262,0.0
0.0,-1.4524421691894531,-1.1649932861328125,0.0
0.0,0.0724157989025116,0.44050464034080505,0.0
0.0,-2.161121368408203,1.5660840272903442,1.0
0.0,0.509587287902832,-1.3935083150863647,0.0
0.0,-1.6004445552825928,2.5861334800720215,1.0
0.0,-0.6593284606933594,2.5333712100982666,0.0
1.0,-1.3338737487792969,-4.1291279792785645,0.0
0.0,-0.6700297594070435,-2.449199914932251,0.0
1.0,-0.5051475763320923,-0.6287391185760498,1.0
1.0,-0.4319983720779419,-5.978809356689453,0.0
1.0,-0.04629996418952942,0.4287099242210388,0.0
1.0,-0.7303047776222229,-0.0628807321190834,0.0
0.0,1.2325024604797363,-0.13458985090255737,1.0
1.0,0.0028201639652252197,-1.8297688961029053,1.0
0.0,-1.0566949844360352,0.28306037187576294,1.0
0.0,-1.1159887313842773,-0.7654509544372559,0.0
1.0,-1.1840829849243164,-1.3068971633911133,0.0
0.0,-0.6393250226974487,-0.3257346451282501,0.0
0.0,-1.5377883911132812,-0.9907593727111816,0.0
0.0,-1.1917083263397217,-1.441448450088501,0.0
0.0,-1.5436756610870361,-0.14993548393249512,0.0
0.0,-0.7866791486740112,-1.3511584997177124,0.0
0.0,-0.04669708013534546,-1.0949923992156982,0.0
1.0,0.07370719313621521,1.0417300462722778,0.0
0.0,-0.8045803904533386,1.1473370790481567,1.0
0.0,-0.13978168368339539,3.6966331005096436,1.0
0.0,1.4579479694366455,1.620314121246338,1.0
0.0,0.6892099976539612,3.028372049331665,0.0
0.0,-1.616807460784912,1.722983956336975,1.0
1.0,0.6667985916137695,1.3807921409606934,0.0
0.0,-0.577328085899353,-0.9638693928718567,0.0
0.0,-0.710705578327179,-1.1721208095550537,0.0
0.0,0.5725768804550171,-0.33301424980163574,1.0
0.0,1.9135891199111938,-0.03362560272216797,1.0
0.0,0.7464807033538818,-0.3131990432739258,1.0
1.0,1.3298014402389526,-0.36040258407592773,1.0
0.0,-1.6555206775665283,-2.6253745555877686,0.0
0.0,-0.45216935873031616,2.298245668411255,0.0
1.0,0.880722165107727,2.483132839202881,1.0
0.0,0.2115306854248047,1.8174320459365845,1.0
0.0,1.5849823951721191,-2.285144567489624,0.0
1.0,-0.12678003311157227,0.740956723690033,0.0
0.0,-0.3518902063369751,-0.5439471006393433,0.0
0.0,-1.2913496494293213,1.5357695817947388,0.0
1.0,3.4361839294433594,-1.7327156066894531,0.0
1.0,0.7781175971031189,0.9227539300918579,1.0
1.0,0.5010920166969299,-0.9244765043258667,0.0
0.0,-0.19787871837615967,-0.556781530380249,1.0
0.0,0.286702036857605,0.23876836895942688,1.0
0.0,-3.2718710899353027,-0.01769864559173584,0.0
0.0,0.5911688804626465,-3.343790054321289,0.0
0.0,-0.7128704786300659,-1.3336797952651978,0.0
1.0,-0.7983464002609253,-0.5558271408081055,0.0
0.0,-1.9199656248092651,0.8228582143783569,0.0
0.0,-0.34823542833328247,-0.8808342218399048,0.0
1.0,-4.1657233238220215,-2.0725746154785156,0.0
1.0,1.2228792905807495,1.5357749462127686,0.0
1.0,-0.7826426029205322,-3.2453901767730713,0.0
0.0,-0.96184903383255,0.686296284198761,0.0
0.0,-1.2227391004562378,1.0995690822601318,0.0
0.0,1.6651737689971924,0.7723977565765381,0.0
1.0,0.44143855571746826,0.6651663184165955,0.0
1.0,-2.616893768310547,-1.0526859760284424,0.0
1.0,2.1974661350250244,1.900973916053772,1.0
1.0,0.4995959401130676,-2.57777738571167,0.0
1.0,-1.3528807163238525,-1.4142146110534668,0.0
1.0,-0.4357829988002777,-0.7988487482070923,1.0
1.0,-0.5489650368690491,-0.8771495819091797,0.0
0.0,1.8313534259796143,1.4993139505386353,1.0
0.0,0.3229104280471802,-2.2373709678649902,0.0
1.0,-0.5250659584999084,-2.7527761459350586,0.0
1.0,-2.0212748050689697,2.5385570526123047,0.0
1.0,-0.14279744029045105,0.5197538137435913,1.0
1.0,-1.0527511835098267,-1.9014865159988403,0.0
1.0,-0.13799798488616943,-0.25990527868270874,0.0
1.0,0.9435656070709229,-0.47504907846450806,0.0
0.0,1.3356668949127197,2.2905519008636475,1.0
1.0,-0.6119602918624878,-1.4366862773895264,0.0
0.0,-1.34773850440979,-2.504605531692505,0.0
0.0,1.8079639673233032,1.1871699094772339,1.0
0.0,-0.15298569202423096,1.5360348224639893,0.0
1.0,1.1875838041305542,1.0945408344268799,0.0
1.0,-0.22729313373565674,-2.191056489944458,0.0
0.0,0.26793819665908813,1.9863020181655884,1.0
1.0,0.8116503953933716,1.4260377883911133,0.0
0.0,1.2104904651641846,0.816823422908783,1.0
1.0,0.3619242012500763,-0.015363454818725586,0.0
0.0,-1.3066679239273071,2.6632494926452637,1.0
1.0,0.7708210945129395,0.7387130260467529,1.0
0.0,0.6722859144210815,0.3738880157470703,1.0
0.0,0.347991943359375,-0.2559469938278198,0.0
0.0,1.879887342453003,-0.1346118450164795,1.0
0.0,2.9520320892333984,-1.0078762769699097,1.0
1.0,1.7835161685943604,0.6908421516418457,1.0
0.0,0.9738702774047852,-1.7271322011947632,0.0
0.0,0.7234612703323364,-0.9343949556350708,0.0
1.0,0.2630651593208313,-0.9272767305374146,0.0
0.0,2.7348809242248535,2.206479549407959,1.0
1.0,-1.3939857482910156,-2.01668119430542,1.0
0.0,1.6852482557296753,0.6407783031463623,1.0
1.0,1.692958116531372,0.5915939807891846,1.0
0.0,-0.02317667007446289,2.3121700286865234,1.0
1.0,-0.6021420955657959,-1.1983258724212646,0.0
0.0,1.6343046426773071,1.4982364177703857,1.0
0.0,0.25226131081581116,1.091802954673767,1.0
0.0,-0.764467179775238,-0.144612118601799,0.0
1.0,1.66024649143219,2.214402198791504,1.0
1.0,-0.14802801609039307,1.8613183498382568,0.0
0.0,0.36316972970962524,0.9118068814277649,1.0
1.0,0.8495877981185913,0.7304344177246094,1.0
0.0,2.034414052963257,0.03762614727020264,1.0
1.0,0.9229161739349365,1.825587272644043,1.0
0.0,-0.1829456090927124,-0.47293731570243835,0.0
1.0,-0.5465061068534851,0.7776399850845337,1.0
0.0,0.38900017738342285,-1.6835130453109741,1.0
0.0,0.752024233341217,0.807048499584198,0.0
0.0,0.40183067321777344,0.2206498384475708,1.0
1.0,-2.0166964530944824,-1.2091902494430542,0.0
1.0,-1.3746564388275146,-2.8368873596191406,0.0
0.0,0.4464734196662903,-1.6279959678649902,1.0
0.0,1.1521580219268799,0.4241410493850708,1.0
1.0,0.9894688129425049,-0.9630972146987915,1.0
0.0,0.3335399627685547,-2.4925575256347656,1.0
1.0,-1.440021276473999,-1.8698906898498535,0.0
0.0,0.6431539058685303,0.4365869462490082,1.0
0.0,1.0345234870910645,0.5098929405212402,1.0
0.0,0.04636797308921814,0.33625084161758423,0.0
0.0,-0.39189139008522034,-0.48045051097869873,0.0
0.0,0.07472734898328781,0.5250799655914307,1.0
0.0,0.6790974140167236,-1.0346883535385132,1.0
1.0,0.10267172008752823,-0.6810970306396484,1.0
0.0,1.4690470695495605,-0.20428979396820068,1.0
0.0,0.8053545951843262,-0.6047919392585754,1.0
0.0,0.62356036901474,0.18867681920528412,0.0
1.0,-1.4951684474945068,-2.452089309692383,0.0
0.0,0.2891431152820587,-1.3045592308044434,1.0
1.0,1.6376726627349854,-1.0730680227279663,1.0
0.0,-2.988888740539551,0.09687340259552002,1.0
1.0,-0.4725989103317261,0.22452616691589355,0.0
0.0,-0.7957481145858765,-1.3352982997894287,0.0
0.0,-0.40979671478271484,2.811893939971924,0.0
0.0,-0.9371829032897949,2.398974895477295,1.0
1.0,-0.8455315828323364,-3.35239577293396,0.0
0.0,1.3707627058029175,-0.8641866445541382,0.0
0.0,-0.3084279000759125,1.2667547464370728,0.0
0.0,1.3053725957870483,0.7386915683746338,1.0
0.0,1.1870269775390625,0.015020996332168579,1.0
0.0,1.9058185815811157,-0.1809714436531067,0.0
0.0,2.2934141159057617,-1.6785132884979248,1.0
0.0,1.0169862508773804,2.936596632003784,1.0
1.0,-0.2905067205429077,1.786466360092163,0.0
1.0,0.56039959192276,-1.5994453430175781,1.0
0.0,-1.0775766372680664,-0.1380755603313446,1.0
1.0,1.6025643348693848,-1.2269645929336548,1.0
1.0,0.070702463388443,-0.551903247833252,0.0
0.0,-0.5096961855888367,-1.311625361442566,0.0
1.0,0.9116021394729614,0.9172810316085815,1.0
1.0,0.6583324670791626,2.350306749343872,0.0
1.0,-1.5399366617202759,-1.7218114137649536,0.0
0.0,-0.6932592988014221,0.6475978493690491,1.0
1.0,1.3360824584960938,1.4258161783218384,1.0
0.0,0.8238435387611389,-0.7448869943618774,0.0
1.0,0.10033312439918518,-0.26239854097366333,1.0
0.0,-0.2733229994773865,1.9895431995391846,1.0
0.0,0.10661011934280396,0.5412053465843201,1.0
1.0,0.11087289452552795,0.1818019598722458,1.0
0.0,-3.806547164916992,-1.6651842594146729,0.0
1.0,-2.2946794033050537,-2.0308330059051514,0.0
1.0,-1.786473274230957,-2.3358187675476074,0.0
1.0,1.4568333625793457,-1.9721730947494507,0.0
1.0,1.4853100776672363,-1.1796427965164185,0.0
0.0,-1.7505245208740234,1.3377975225448608,0.0
0.0,-1.4000879526138306,-0.5343729853630066,0.0
1.0,-1.6807777881622314,-0.2588031589984894,0.0
0.0,0.024745365604758263,2.0428786277770996,1.0
1.0,0.57769775390625,-0.5888849496841431,1.0
1.0,0.9152505397796631,2.5681138038635254,1.0
0.0,-0.8984150886535645,-1.5864977836608887,0.0
0.0,1.9529215097427368,-1.5414433479309082,1.0
0.0,-1.4566941261291504,-1.5619540214538574,1.0
1.0,0.9025945663452148,-1.4955930709838867,1.0
0.0,0.009838968515396118,0.28908950090408325,0.0
1.0,1.3024675846099854,-1.4966310262680054,1.0
1.0,1.1260017156600952,0.48748326301574707,1.0
0.0,0.4417153000831604,1.5016653537750244,1.0
0.0,-0.17258942127227783,1.866864562034607,0.0
1.0,-2.3774831295013428,-0.21204650402069092,0.0
0.0,2.7100257873535156,-0.8302231431007385,0.0
0.0,-0.9090458750724792,-0.7364202737808228,1.0
1.0,-1.0623791217803955,-2.0495376586914062,0.0
1.0,0.3835710287094116,1.2425897121429443,0.0
1.0,-1.4795284271240234,-0.9293643236160278,0.0
0.0,-0.722455620765686,0.23651784658432007,0.0
1.0,-2.637340784072876,-0.20798742771148682,0.0
0.0,-0.06951263546943665,-2.1070547103881836,1.0
1.0,-0.5198893547058105,-1.5816760063171387,0.0
1.0,1.7341645956039429,0.7527534365653992,0.0
0.0,-0.2778487801551819,-0.07011917233467102,0.0
0.0,2.033940553665161,0.9894853830337524,1.0
0.0,2.0428881645202637,1.9561655521392822,1.0
0.0,0.7389965057373047,0.974904477596283,1.0
1.0,-0.2734929919242859,1.7349579334259033,1.0
0.0,-0.16128545999526978,2.2446658611297607,1.0
0.0,0.12188133597373962,1.2958508729934692,0.0
0.0,2.6369693279266357,0.6204862594604492,1.0
1.0,1.8612267971038818,-0.177390456199646,0.0
1.0,0.12354163825511932,-1.9868760108947754,0.0
1.0,-0.9626283049583435,-3.713959217071533,0.0
1.0,-2.772355079650879,1.2817485332489014,0.0
1.0,0.4292584955692291,-2.8814992904663086,0.0
0.0,-0.7937721014022827,1.3666245937347412,1.0
0.0,1.2993017435073853,-1.6328551769256592,1.0
1.0,2.692412853240967,1.406987190246582,1.0
1.0,-0.25118935108184814,0.012485384941101074,0.0
0.0,-0.4869486093521118,1.4475919008255005,0.0
0.0,0.273860365152359,2.2017409801483154,0.0
0.0,-0.766823410987854,-1.144134521484375,0.0
0.0,-2.453850269317627,0.7521350979804993,0.0
0.0,0.0891714096069336,-0.4276280999183655,0.0
0.0,-0.3987627327442169,0.0261002779006958,1.0
0.0,0.0882493257522583,-1.153715968132019,0.0
1.0,0.8218240737915039,0.9504254460334778,1.0
1.0,-3.1651153564453125,-0.5282439589500427,0.0
1.0,0.9278478026390076,-0.17351031303405762,0.0
0.0,-1.6963813304901123,-3.1132869720458984,0.0
0.0,0.7830661535263062,1.7105122804641724,0.0
0.0,0.27999967336654663,4.873761177062988,1.0
1.0,1.9923678636550903,-2.515436887741089,0.0
1.0,0.9139578342437744,0.26626333594322205,0.0
1.0,1.6133232116699219,-0.5796288251876831,1.0
0.0,0.1137235164642334,0.8343455791473389,1.0
0.0,-0.6010696887969971,2.6835923194885254,1.0
0.0,-0.4209536612033844,0.852973461151123,0.0
0.0,0.753136932849884,-0.6321345567703247,0.0
0.0,-0.3467754125595093,1.1742342710494995,1.0
0.0,0.8293294906616211,0.1501726508140564,0.0
1.0,1.499053716659546,0.8338643908500671,1.0
1.0,1.393507480621338,3.9324493408203125,0.0
0.0,-1.6484019756317139,1.1960628032684326,1.0
0.0,-2.848263740539551,-2.120643377304077,0.0
0.0,-1.0097020864486694,-0.958308219909668,0.0
1.0,0.044617652893066406,0.08257853984832764,0.0
0.0,1.728646993637085,-0.23227441310882568,0.0
1.0,-2.578896999359131,-0.310463547706604,0.0
1.0,-0.381941020488739,-0.28286588191986084,0.0
0.0,1.0670454502105713,0.6682944893836975,1.0
0.0,-1.6726112365722656,2.645744800567627,0.0
0.0,-1.9874165058135986,-0.5859000086784363,0.0
0.0,0.48064932227134705,-0.31497275829315186,1.0
0.0,2.6580662727355957,1.5061297416687012,0.0
0.0,-0.39751240611076355,-0.06754326820373535,0.0
0.0,0.1813531219959259,2.8820788860321045,1.0
1.0,-0.6598336100578308,-0.3081468939781189,1.0
1.0,0.8043527603149414,0.10260617733001709,1.0
1.0,0.01450878381729126,-1.8822548389434814,0.0
0.0,-0.9705157279968262,-0.7524950504302979,1.0
0.0,3.514920234680176,2.192035675048828,1.0
0.0,2.2066988945007324,2.252349376678467,1.0
0.0,3.1986260414123535,0.8245019912719727,1.0
1.0,1.2220497131347656,-2.0918169021606445,0.0
0.0,-2.4498701095581055,-1.7697713375091553,0.0
0.0,1.01124107837677,-0.6598587036132812,1.0
1.0,0.12557804584503174,-3.236415386199951,0.0
1.0,-1.086499810218811,-0.0610651969909668,0.0
0.0,-1.0892276763916016,-0.8832575082778931,0.0
0.0,1.1652413606643677,1.3333297967910767,1.0
1.0,0.365774542093277,1.1093425750732422,1.0
0.0,0.9904735684394836,0.9038298726081848,1.0
0.0,-0.6232644319534302,0.11937785148620605,1.0
1.0,0.5451943278312683,-0.10821181535720825,1.0
0.0,0.29152897000312805,1.9328992366790771,0.0
0.0,0.38050341606140137,-1.4433372020721436,0.0
1.0,0.14871883392333984,-2.2950823307037354,0.0
1.0,-2.1330294609069824,-0.9791451692581177,0.0
1.0,1.7255644798278809,0.18282604217529297,1.0
0.0,-1.4784806966781616,-0.6487619876861572,1.0
1.0,0.12106144428253174,-1.4793189764022827,1.0
0.0,-0.9479091167449951,0.7041768431663513,0.0
0.0,0.6952448487281799,0.2214944064617157,1.0
1.0,1.321659803390503,0.014029523357748985,0.0
0.0,-0.02354820817708969,1.0583873987197876,1.0
1.0,-0.8422783613204956,-1.363820195198059,0.0
0.0,0.46558842062950134,-0.09403347969055176,0.0
0.0,-0.5556036829948425,-0.3266960382461548,0.0
0.0,2.005195140838623,1.9103538990020752,1.0
1.0,1.4043272733688354,2.5722076892852783,1.0
0.0,0.0790296196937561,0.22093677520751953,0.0
1.0,-0.21816140413284302,-0.41120320558547974,0.0
1.0,-0.38060659170150757,-1.2675285339355469,0.0
1.0,1.2220256328582764,0.995151162147522,1.0
1.0,-0.8411001563072205,-1.0473124980926514,0.0
1.0,1.531949520111084,-0.20273524522781372,0.0
0.0,2.334872245788574,1.2033973932266235,0.0
0.0,1.8894797563552856,0.19906282424926758,1.0
1.0,0.42913246154785156,-2.5958850383758545,0.0
0.0,-1.2932307720184326,-0.07787500321865082,0.0
1.0,1.2815642356872559,-2.715789318084717,1.0
1.0,-3.020968437194824,-1.4525781869888306,0.0
1.0,0.6665364503860474,0.6867522597312927,1.0
0.0,0.897382915019989,1.3931832313537598,1.0
0.0,4.538767337799072,0.9459183812141418,1.0
0.0,0.3762668967247009,-1.4891127347946167,1.0
0.0,0.5526459217071533,-0.6890104413032532,1.0
0.0,1.980268120765686,0.6812801957130432,1.0
0.0,-0.9433297514915466,-1.4365856647491455,0.0
0.0,-0.25410908460617065,0.4018879532814026,1.0
1.0,-0.492098867893219,0.550743818283081,0.0
1.0,-1.1651110649108887,1.1902813911437988,0.0
0.0,-0.8063756823539734,0.04996415972709656,0.0
0.0,2.8619039058685303,-1.1396770477294922,0.0
0.0,1.1791625022888184,-0.07041235268115997,0.0
0.0,1.5004537105560303,2.80149245262146,1.0
1.0,0.5462113618850708,-0.5121667981147766,1.0
1.0,-0.8686830401420593,0.4951612949371338,0.0
0.0,2.846855401992798,0.536670446395874,1.0
0.0,-1.5587821006774902,0.27580857276916504,0.0
1.0,0.7325212359428406,-2.714527130126953,1.0
1.0,2.268803596496582,-1.2349518537521362,0.0
1.0,1.6149389743804932,1.8759469985961914,0.0
0.0,-0.18623149394989014,-0.18444731831550598,0.0
1.0,0.8141682147979736,0.9751901030540466,0.0
0.0,0.2911808490753174,0.8375920057296753,1.0
0.0,0.3453468978404999,1.6900683641433716,1.0
0.0,-0.5918813347816467,1.4194793701171875,1.0
1.0,1.4016520977020264,-0.5497516393661499,1.0
0.0,-0.6278520822525024,-0.6293405294418335,0.0
1.0,3.040492057800293,-1.9153797626495361,1.0
1.0,-0.05549037456512451,1.6461334228515625,0.0
0.0,0.4844980239868164,0.16333436965942383,1.0
0.0,0.8763442039489746,0.08747673034667969,0.0
0.0,1.2813022136688232,-0.2645716667175293,1.0
0.0,-0.9898607730865479,0.0265674889087677,1.0
1.0,0.845226526260376,-1.6076710224151611,0.0
1.0,-0.25675326585769653,1.2671372890472412,1.0
0.0,1.3995503187179565,0.10907351970672607,0.0
1.0,1.7034661769866943,-1.7793126106262207,0.0
0.0,1.0209107398986816,2.7507565021514893,1.0
0.0,-0.391959011554718,1.5853395462036133,0.0
1.0,-2.08646297454834,-1.1626636981964111,0.0
0.0,-2.04294490814209,0.9655161499977112,0.0
1.0,0.7591037750244141,-1.401509404182434,0.0
1.0,2.383565664291382,1.0355308055877686,1.0
0.0,-0.18724840879440308,0.09209555387496948,1.0
1.0,1.032292366027832,-0.31423187255859375,1.0
1.0,-0.01848652958869934,-0.12326031923294067,0.0
1.0,-0.07587036490440369,0.8048532009124756,0.0
1.0,-0.5791533589363098,-1.7798556089401245,0.0
1.0,-3.5107336044311523,1.6191695928573608,0.0
0.0,0.03994244337081909,-0.37847888469696045,0.0
1.0,-1.2414072751998901,-1.5040407180786133,0.0
1.0,-1.5794293880462646,0.2045431137084961,0.0
1.0,-1.2941311597824097,-1.082645297050476,1.0
1.0,-1.8471786975860596,-3.168692111968994,0.0
1.0,0.9268172383308411,-1.4014451503753662,1.0
1.0,-2.266645669937134,0.35072773694992065,0.0
0.0,2.075542688369751,0.17275512218475342,1.0
1.0,1.2807512283325195,-2.1613717079162598,0.0
0.0,0.4930059611797333,1.7098182439804077,1.0
0.0,0.6143307685852051,0.8074922561645508,0.0
0.0,0.33348608016967773,-0.9232467412948608,0.0
0.0,-0.35415905714035034,-0.2219688892364502,0.0
1.0,0.5575288534164429,-2.2744250297546387,0.0
1.0,0.3485962152481079,0.04771232604980469,1.0
1.0,-0.08528131246566772,-0.45129096508026123,0.0
0.0,0.4352837800979614,-0.9296717643737793,1.0
0.0,0.041676849126815796,2.5894389152526855,0.0
1.0,0.7347790002822876,1.804619312286377,1.0
0.0,-0.6842158436775208,-3.2366294860839844,0.0
1.0,-1.4531025886535645,0.21544218063354492,0.0
0.0,-1.484849452972412,0.2631795108318329,1.0
0.0,-0.9544360637664795,-0.668189525604248,0.0
0.0,0.079912930727005,-0.10994422435760498,1.0
1.0,-0.07724189758300781,0.42930781841278076,1.0
0.0,3.247680425643921,2.9782204627990723,1.0
1.0,-1.0384845733642578,-1.3308032751083374,0.0
1.0,2.3549365997314453,0.7045510411262512,1.0
0.0,-1.2006378173828125,1.415653944015503,0.0
0.0,-0.19949889183044434,-0.3430408239364624,0.0
0.0,-0.34393399953842163,0.7218201756477356,1.0
0.0,0.7450302839279175,-0.19186455011367798,1.0
0.0,-0.38375213742256165,1.2906622886657715,1.0
1.0,-0.35516807436943054,-0.4742809534072876,0.0
0.0,-1.9057427644729614,0.2932513952255249,1.0
1.0,-1.3045825958251953,1.0258921384811401,0.0
0.0,1.045994520187378,-0.21094542741775513,1.0
1.0,1.8755135536193848,-0.34919530153274536,1.0
0.0,-1.68292236328125,2.2339491844177246,0.0
1.0,0.4790017604827881,-1.4782729148864746,0.0
1.0,-1.1994401216506958,-0.732195258140564,0.0
1.0,-0.4528074860572815,-0.7783663868904114,0.0
0.0,1.9515951871871948,3.1189143657684326,1.0
0.0,-0.9983769059181213,-0.39275044202804565,1.0
0.0,1.423777461051941,2.3323047161102295,1.0
1.0,-0.6176987886428833,-0.9012844562530518,0.0
0.0,-2.423597812652588,1.322580099105835,0.0
1.0,-1.7424334287643433,-1.3589953184127808,0.0
0.0,0.12690231204032898,-0.31913840770721436,0.0
0.0,-0.1427193284034729,2.4673819541931152,1.0
1.0,-0.707514762878418,-1.7314162254333496,0.0
1.0,0.7673720717430115,1.2638589143753052,1.0
1.0,0.14939415454864502,-2.4315319061279297,0.0
0.0,1.0518736839294434,3.154585838317871,1.0
1.0,0.10391142219305038,-0.4899446368217468,0.0
1.0,-0.7531688213348389,-1.4066354036331177,0.0
1.0,-1.6547281742095947,1.4780292510986328,0.0
1.0,-1.0940321683883667,-2.0495691299438477,0.0
1.0,-1.696220874786377,-3.5492138862609863,0.0
0.0,-0.266154408454895,-0.6827357411384583,0.0
0.0,2.149879217147827,2.573582172393799,1.0
1.0,-1.9523367881774902,0.20018357038497925,1.0
1.0,2.140446186065674,-0.5214173197746277,1.0
1.0,-0.23901450634002686,0.27598464488983154,0.0
1.0,-2.597978353500366,-0.1598266363143921,0.0
1.0,0.5263392925262451,-1.6681365966796875,1.0
0.0,0.35828396677970886,0.4606666564941406,1.0
1.0,-0.6963273286819458,0.1880478858947754,0.0
0.0,-1.2710579633712769,-1.0255122184753418,0.0
1.0,0.25724875926971436,-1.3218536376953125,1.0
1.0,-0.8102413415908813,-0.826951265335083,1.0
1.0,-0.40733009576797485,-2.904067039489746,0.0
1.0,-2.3549447059631348,0.01450919359922409,0.0
1.0,-0.9785937666893005,-0.1786375194787979,1.0
1.0,-0.18044161796569824,0.9240103363990784,1.0
0.0,1.791327953338623,0.008177202194929123,1.0
0.0,-0.5461500883102417,-3.501384735107422,0.0
1.0,2.965894937515259,-0.3699494004249573,0.0
1.0,0.9583909511566162,0.5145765542984009,0.0
1.0,-1.0909526348114014,-3.314586639404297,0.0
0.0,0.4164106249809265,-0.3527816832065582,0.0
1.0,-3.1878461837768555,-3.323674201965332,0.0
1.0,-0.7316176891326904,1.790030837059021,1.0
1.0,1.2630925178527832,-1.1122885942459106,1.0
0.0,0.8801726698875427,1.3684180974960327,1.0
0.0,-0.5102639198303223,-0.023433968424797058,0.0
0.0,1.7874343395233154,0.3518523573875427,1.0
1.0,2.5309958457946777,0.5940044522285461,1.0
0.0,-0.1406247615814209,-1.9589935541152954,0.0
1.0,0.36543723940849304,-1.281700849533081,1.0
0.0,-0.8192195296287537,-0.4725971519947052,1.0
1.0,-1.140437364578247,0.1442444920539856,0.0
0.0,1.086635708808899,1.8905788660049438,1.0
1.0,1.560744047164917,-0.014662414789199829,0.0
1.0,-1.4895102977752686,-2.4683032035827637,0.0
1.0,1.9661338329315186,-0.5670782923698425,1.0
0.0,0.49206024408340454,0.0022241920232772827,0.0
1.0,1.8808406591415405,-1.3974342346191406,1.0
1.0,1.3231449127197266,-2.7590012550354004,0.0
1.0,0.6519159078598022,-1.5667227506637573,1.0
0.0,-1.3285644054412842,-0.25261080265045166,0.0
1.0,-0.7628912925720215,0.11646775901317596,1.0
1.0,-0.7751189470291138,-0.3404551148414612,1.0
0.0,0.20978420972824097,2.064277172088623,1.0
0.0,-0.6978145241737366,4.63328218460083,1.0
0.0,1.7819247245788574,2.212514877319336,1.0
0.0,0.9236988425254822,2.1297452449798584,1.0
1.0,1.734948754310608,-2.361818313598633,0.0
1.0,-2.238086462020874,-1.9520800113677979,0.0
1.0,2.594733953475952,-1.4881441593170166,1.0
0.0,-0.5066414475440979,-1.0895168781280518,0.0
1.0,1.0517183542251587,0.5806134939193726,1.0
0.0,2.2020153999328613,-0.65804123878479,1.0
0.0,1.4211225509643555,-0.2534354031085968,0.0
1.0,1.590518832206726,-1.692986011505127,1.0
1.0,0.15911567211151123,-0.22104978561401367,0.0
1.0,0.31533002853393555,0.21794188022613525,0.0
1.0,1.8846713304519653,2.0092639923095703,1.0
0.0,-1.3908907175064087,0.6839346885681152,1.0
0.0,-0.9258226156234741,0.1806022822856903,0.0
0.0,2.3091840744018555,-0.47337105870246887,1.0
0.0,-0.22573019564151764,1.84913969039917,1.0
0.0,0.5673206448554993,0.1543947011232376,1.0
0.0,0.837482213973999,1.5579657554626465,1.0
0.0,-1.8892247676849365,-2.6533522605895996,0.0
1.0,-0.3817313015460968,1.381942868232727,0.0
1.0,-0.036526650190353394,-2.6697025299072266,0.0
0.0,1.058553695678711,-2.305500030517578,0.0
1.0,2.7583107948303223,0.2965465784072876,0.0
1.0,0.4112347364425659,0.09167414903640747,0.0
1.0,0.28340673446655273,-2.2692980766296387,0.0
1.0,-1.3680368661880493,-2.3062500953674316,0.0
1.0,1.5751774311065674,0.8749567270278931,0.0
1.0,0.2911036014556885,0.07079565525054932,1.0
1.0,-1.0943480730056763,2.854156017303467,1.0
1.0,0.5871047973632812,-0.7349694967269897,0.0
0.0,-0.039786696434020996,0.540188193321228,0.0
1.0,-0.6876322031021118,-2.944545269012451,0.0
1.0,-0.4104166626930237,1.6789638996124268,0.0
0.0,1.4404385089874268,2.6665639877319336,1.0
1.0,-0.9764612913131714,-1.4300297498703003,0.0
0.0,-0.2600821256637573,4.720619201660156,1.0
0.0,-0.3389202952384949,-0.500718355178833,0.0
0.0,1.9179638624191284,3.1764819622039795,1.0
1.0,-0.9432514905929565,0.16097432374954224,0.0
1.0,0.5624424815177917,1.4123793840408325,0.0
1.0,1.3756765127182007,0.5535130500793457,1.0
0.0,-1.1998941898345947,0.22515776753425598,0.0
0.0,0.1788758635520935,0.9617344737052917,0.0
0.0,-0.5216012597084045,1.176566481590271,0.0
1.0,0.1807972490787506,-0.3198508024215698,0.0
1.0,0.17072618007659912,-2.5640158653259277,1.0
1.0,-1.7623391151428223,-3.18324613571167,0.0
1.0,1.4850516319274902,-0.21623879671096802,1.0
0.0,-0.09445059299468994,1.8157190084457397,1.0
0.0,0.48003408312797546,0.17167046666145325,0.0
0.0,0.3999342918395996,-0.9831554293632507,1.0
0.0,-2.2747974395751953,-0.8385769128799438,0.0
0.0,1.3653860092163086,1.1169978380203247,1.0
0.0,-0.6721689701080322,-0.5635077953338623,1.0
0.0,-0.6073732376098633,-1.1808439493179321,0.0
1.0,-0.6226515769958496,-1.3778820037841797,1.0
1.0,2.497973680496216,-0.8996387720108032,1.0
0.0,0.3194599449634552,1.7866432666778564,0.0
0.0,-0.5425846576690674,3.448662757873535,0.0
1.0,-0.054138004779815674,-1.9723050594329834,0.0
1.0,-0.26238352060317993,1.9660724401474,0.0
0.0,1.851172685623169,0.0008569061756134033,1.0
0.0,-1.6804063320159912,-0.37593042850494385,1.0
1.0,2.028935194015503,0.7569771409034729,1.0
1.0,-1.1711788177490234,-1.5538761615753174,0.0
1.0,-0.7838761806488037,0.11731874942779541,0.0
1.0,0.392119437456131,-0.7051552534103394,1.0
1.0,2.676614761352539,1.9741325378417969,1.0
0.0,-0.9502564668655396,-2.050882339477539,0.0
0.0,-0.15183734893798828,-0.4622989296913147,0.0
1.0,-0.8058857321739197,-0.8245986104011536,1.0
0.0,-2.666872024536133,-1.943143367767334,0.0
0.0,-0.5793960690498352,0.12906920909881592,0.0
1.0,-0.5306336283683777,-4.404244422912598,1.0
1.0,-0.6410185098648071,-1.1105623245239258,1.0
0.0,0.7417969703674316,1.825884222984314,1.0
1.0,0.2569640874862671,-1.0160701274871826,1.0
0.0,-0.8579165935516357,-0.9874796867370605,1.0
0.0,2.297048568725586,-1.6722044944763184,1.0
1.0,-0.9920426607131958,-2.87821626663208,0.0
0.0,3.1653542518615723,1.0399218797683716,1.0
0.0,1.2789967060089111,1.6071832180023193,0.0
0.0,-0.01928064227104187,0.8780759572982788,0.0
0.0,0.08005881309509277,2.7229180335998535,0.0
1.0,2.157318592071533,-0.44906067848205566,1.0
1.0,-2.458648681640625,-1.4287000894546509,0.0
1.0,1.3404325246810913,0.08861744403839111,1.0
0.0,0.6447969079017639,-0.020626381039619446,1.0
0.0,1.3365819454193115,1.1919260025024414,1.0
0.0,-1.7097406387329102,-1.2349705696105957,0.0
0.0,-0.5289760828018188,0.88917475938797,0.0
0.0,1.4489948749542236,0.283403605222702,1.0
0.0,0.33714255690574646,-1.9932234287261963,0.0
1.0,0.08954101800918579,-1.2404241561889648,0.0
0.0,0.597141444683075,1.2334139347076416,0.0
0.0,0.10258519649505615,-0.4793112277984619,0.0
0.0,-0.14288944005966187,1.5534261465072632,0.0
0.0,2.0047073364257812,2.4382505416870117,1.0
0.0,-0.21112582087516785,0.5907617211341858,1.0
1.0,-0.4310249090194702,-0.20802293717861176,0.0
1.0,1.2582142353057861,0.6810239553451538,0.0
1.0,2.100269317626953,0.18885880708694458,1.0
0.0,1.940456509590149,1.5038588047027588,1.0
1.0,0.8105155825614929,-0.34929871559143066,0.0
1.0,1.9976892471313477,0.8499814867973328,0.0
0.0,0.1349022090435028,1.2585728168487549,1.0
1.0,0.1833418309688568,-0.5431156754493713,1.0
0.0,0.014510437846183777,0.10996998846530914,0.0
0.0,-0.6484518051147461,1.8549113273620605,0.0
0.0,-2.560239791870117,-2.9097721576690674,0.0
0.0,0.4636971354484558,0.8721562027931213,1.0
1.0,0.8219637870788574,-1.5573370456695557,0.0
0.0,-1.8286969661712646,-0.4862063527107239,1.0
1.0,1.1468178033828735,-0.2687491774559021,1.0
1.0,-2.2238502502441406,-0.0369485542178154,0.0
0.0,2.0061392784118652,-0.9231704473495483,1.0
0.0,1.8208390474319458,1.6953866481781006,0.0
0.0,0.31970685720443726,1.6581112146377563,1.0
0.0,-1.8114902973175049,0.6005194783210754,0.0
0.0,-1.4420710802078247,2.468425989151001,1.0
0.0,0.47922757267951965,-0.5289832353591919,0.0
0.0,-0.6295382976531982,1.703535795211792,1.0
1.0,-0.8685643076896667,0.21298247575759888,0.0
0.0,0.433075487613678,0.7555598020553589,0.0
1.0,-2.4328300952911377,-2.04498028755188,0.0
0.0,-1.3156447410583496,0.8325672745704651,0.0
1.0,0.5107948780059814,0.09869691729545593,0.0
0.0,-1.8065778017044067,2.905478000640869,1.0
0.0,-1.3625245094299316,1.146070957183838,1.0
0.0,0.4343724548816681,-1.9622052907943726,1.0
1.0,-0.7732345461845398,-1.3252382278442383,0.0
0.0,-0.08115452527999878,-0.045172929763793945,1.0
1.0,-1.6711220741271973,-3.4808106422424316,0.0
0.0,2.285503387451172,2.289757251739502,1.0
0.0,0.12228211760520935,0.4623783826828003,1.0
1.0,0.8432834148406982,-0.2641757130622864,1.0
1.0,0.5132462382316589,-2.1699342727661133,0.0
1.0,-0.9800540208816528,-2.2572121620178223,0.0
1.0,1.0981061458587646,-1.3363372087478638,0.0
1.0,1.6228303909301758,-2.7273123264312744,0.0
0.0,0.9898731112480164,-1.2123141288757324,0.0
1.0,-2.128739595413208,0.20622467994689941,0.0
0.0,1.1335445642471313,2.4370763301849365,1.0
1.0,-0.5020673274993896,1.5308287143707275,1.0
1.0,-0.7782280445098877,-2.3735978603363037,0.0
0.0,1.5363892316818237,-1.6585335731506348,1.0
1.0,2.085564613342285,-1.384530782699585,1.0
0.0,-0.365126371383667,-1.5537474155426025,1.0
1.0,0.4452555477619171,1.9265576601028442,0.0
0.0,-1.4053031206130981,0.5868797302246094,1.0
1.0,0.09978961944580078,1.118649959564209,1.0
1.0,-0.3395289480686188,-0.7455791234970093,1.0
1.0,-0.3779650330543518,-0.09735789895057678,0.0
1.0,2.220606803894043,-1.677011489868164,0.0
0.0,0.5099661946296692,2.796675205230713,1.0
0.0,1.4870717525482178,0.7200940847396851,1.0
0.0,-0.2764591872692108,2.2650418281555176,1.0
1.0,0.4765070676803589,-2.038142681121826,1.0
1.0,1.5288152694702148,0.2411864995956421,1.0
1.0,-0.8200798630714417,-1.2656652927398682,0.0
1.0,1.6625803709030151,-0.23982413113117218,0.0
0.0,2.193312644958496,1.74040687084198,1.0
0.0,-2.1634860038757324,1.251631498336792,0.0
0.0,1.08278489112854,0.3820844292640686,1.0
1.0,-0.5859106779098511,-1.954014539718628,0.0
0.0,-1.202720046043396,-0.9146401882171631,0.0
1.0,-2.2039451599121094,0.18765103816986084,0.0
1.0,1.8204734325408936,1.5993373394012451,0.0
1.0,-0.5365402698516846,-2.6553237438201904,0.0
1.0,-0.6067965030670166,-0.6395153999328613,1.0
0.0,2.024580240249634,1.2730319499969482,1.0
0.0,-1.4434707164764404,-0.013116240501403809,0.0
0.0,-0.5509351491928101,-0.0672224834561348,0.0
0.0,0.8781195282936096,0.23246240615844727,1.0
1.0,-0.6780099868774414,-1.9395672082901,0.0
1.0,-1.1035873889923096,-0.038886576890945435,0.0
1.0,-0.44008171558380127,0.3006836175918579,1.0
1.0,-1.8234610557556152,-2.7548086643218994,1.0
1.0,1.2011271715164185,0.3268834352493286,0.0
0.0,2.5161986351013184,-2.6194586753845215,1.0
0.0,-0.33285918831825256,0.0905824601650238,0.0
1.0,-1.7484023571014404,-2.0346107482910156,0.0
1.0,1.6736242771148682,1.4852313995361328,1.0
0.0,-1.1148900985717773,1.9944329261779785,0.0
1.0,1.2075670957565308,-2.134859561920166,0.0
1.0,-0.3693191409111023,-0.9523518681526184,0.0
0.0,0.3914554715156555,-1.11154305934906,1.0
1.0,-1.41144597530365,-1.747897982597351,0.0
0.0,0.1828177571296692,1.6634042263031006,1.0
0.0,1.1123952865600586,-0.0595935583114624,1.0
1.0,1.425511360168457,1.5736907720565796,1.0
1.0,-0.3333292007446289,-0.6075946092605591,0.0
1.0,-1.6336991786956787,-2.6762301921844482,1.0
0.0,0.7673996090888977,0.11195641756057739,1.0
1.0,0.6659388542175293,-0.2892181873321533,0.0
0.0,0.5707736015319824,-1.2570559978485107,0.0
1.0,-0.6366312503814697,-1.342574119567871,0.0
1.0,0.3193907141685486,1.420713186264038,0.0
1.0,-0.8592517971992493,-0.30162060260772705,0.0
0.0,2.5565693378448486,1.3825428485870361,1.0
1.0,-0.9102216362953186,-2.7272634506225586,1.0
0.0,-0.9212259650230408,0.5663623809814453,1.0
0.0,-0.048000216484069824,-1.061161756515503,0.0
0.0,-1.8123180866241455,0.7265872955322266,0.0
1.0,-1.8788717985153198,-0.656851053237915,0.0
1.0,-0.8957239389419556,-1.4268269538879395,0.0
0.0,-0.2626304030418396,2.517732858657837,1.0
1.0,-2.5897250175476074,-1.8718154430389404,0.0
0.0,-0.8101588487625122,0.741266131401062,0.0
0.0,-1.6004550457000732,2.7407050132751465,0.0
0.0,0.17507559061050415,-2.9638640880584717,0.0
1.0,0.3481847047805786,0.05716177821159363,0.0
0.0,1.2993017435073853,0.38797158002853394,0.0
1.0,-0.17835351824760437,-2.5853066444396973,0.0
1.0,-0.9802734851837158,-1.7942475080490112,1.0
1.0,0.07830986380577087,-1.1597900390625,0.0
1.0,1.5750982761383057,-0.41417399048805237,1.0
1.0,-0.9432793855667114,-0.06469923257827759,0.0
0.0,1.6922147274017334,2.0623116493225098,1.0
1.0,-0.7817463278770447,-2.011868953704834,0.0
0.0,-0.8467217683792114,-0.6281448602676392,0.0
1.0,-0.4144873321056366,-0.3911733031272888,1.0
0.0,-0.7747375965118408,0.8036136031150818,0.0
0.0,-2.3421640396118164,-0.9469854831695557,0.0
0.0,1.7253201007843018,1.4152514934539795,1.0
1.0,-0.5317546725273132,-2.5095162391662598,0.0
1.0,-0.001007869839668274,-2.6507985591888428,1.0
0.0,1.1759783029556274,1.3384780883789062,0.0
1.0,0.3706235885620117,0.8271949291229248,1.0
0.0,0.08303165435791016,-0.17703011631965637,1.0
1.0,0.7597261071205139,-1.3066823482513428,0.0
1.0,0.10641747713088989,0.3562052845954895,0.0
1.0,-0.21016660332679749,0.7139107584953308,1.0
1.0,-0.814005434513092,1.7674388885498047,0.0
0.0,-3.1309661865234375,-2.2128448486328125,0.0
1.0,-0.9122802019119263,-2.496206045150757,1.0
1.0,0.3423774838447571,0.2511739432811737,0.0
1.0,1.3728597164154053,2.5297858715057373,1.0
1.0,-1.5387132167816162,2.2883894443511963,1.0
1.0,-0.11387217044830322,0.6146984100341797,1.0
1.0,1.7295254468917847,-0.814245879650116,0.0
1.0,-2.267272710800171,0.641055703163147,0.0
1.0,-1.312865972518921,-1.1313151121139526,0.0
0.0,1.1183297634124756,1.3758273124694824,1.0
0.0,-0.2279735803604126,1.889319658279419,1.0
1.0,0.41224735975265503,-0.05912471190094948,0.0
0.0,0.2559612989425659,0.9275590181350708,0.0
0.0,-3.0339083671569824,-0.28462454676628113,0.0
0.0,-2.199183940887451,1.4754242897033691,0.0
0.0,1.2432605028152466,0.2506482005119324,1.0
1.0,2.6574649810791016,0.7781878709793091,1.0
0.0,1.8364734649658203,1.6800087690353394,1.0
0.0,0.7143096923828125,-1.0934572219848633,1.0
0.0,-1.6229052543640137,-2.353363513946533,0.0
1.0,-0.05630338191986084,-0.549167811870575,0.0
1.0,-0.00503091886639595,-1.3890936374664307,0.0
1.0,1.0342179536819458,-1.746858835220337,0.0
1.0,-2.013018846511841,-0.13684886693954468,1.0
0.0,-0.3383103907108307,1.8041281700134277,1.0
1.0,2.2162656784057617,-1.9493263959884644,0.0
1.0,2.305063009262085,1.2982414960861206,1.0
1.0,1.08246910572052,-0.07389619946479797,0.0
0.0,0.2871541976928711,0.25250470638275146,1.0
1.0,1.4663805961608887,-0.6885103583335876,0.0
1.0,1.2095916271209717,0.32938289642333984,0.0
0.0,-1.121372938156128,0.31008559465408325,0.0
0.0,-1.2402622699737549,-2.5328176021575928,0.0
0.0,0.06744229793548584,-1.0005744695663452,1.0
0.0,-3.2812411785125732,-1.2581971883773804,1.0
0.0,-2.257575511932373,2.581298589706421,0.0
1.0,-0.9732687473297119,1.1664233207702637,0.0
0.0,2.024304151535034,-1.3632423877716064,1.0
0.0,1.99757981300354,-1.2258275747299194,1.0
1.0,0.2560305595397949,-2.5680220127105713,0.0
0.0,3.044682025909424,2.6231846809387207,1.0
0.0,1.627737045288086,1.6567089557647705,0.0
1.0,0.6226089000701904,1.7349255084991455,0.0
1.0,-0.43432679772377014,-4.308514595031738,0.0
1.0,-0.5565265417098999,1.4573485851287842,0.0
0.0,0.7558496594429016,1.8346691131591797,0.0
0.0,-1.1522502899169922,-0.3104434013366699,0.0
1.0,-1.3356385231018066,-1.662418007850647,0.0
1.0,-2.3060569763183594,-1.2289880514144897,0.0
1.0,-2.3212568759918213,-2.1426358222961426,1.0
0.0,0.5786619782447815,-1.3502728939056396,1.0
0.0,0.5347542762756348,0.8211295008659363,1.0
0.0,1.3972599506378174,-0.8084994554519653,0.0
1.0,1.9465972185134888,1.333099126815796,1.0
1.0,0.6900761127471924,0.54791259765625,1.0
1.0,-2.407482147216797,-0.6020695567131042,0.0
0.0,1.3781969547271729,-1.9635498523712158,1.0
0.0,-2.3863039016723633,1.274601936340332,0.0
0.0,2.7383549213409424,-0.5814764499664307,1.0
1.0,0.9456343650817871,-2.125149965286255,0.0
0.0,-0.9939948320388794,1.913927674293518,0.0
0.0,-1.2633517980575562,-2.65578293800354,0.0
0.0,0.28853070735931396,1.2558927536010742,1.0
1.0,0.9346916675567627,-0.45856666564941406,1.0
1.0,-0.0887225866317749,-0.8118085265159607,0.0
0.0,-0.42256295680999756,-0.9471372961997986,0.0
1.0,-1.7017191648483276,-0.9932840466499329,0.0
0.0,1.5912503004074097,0.29607152938842773,0.0
0.0,0.7851657271385193,1.6935604810714722,1.0
0.0,0.3684319853782654,3.620891809463501,0.0
1.0,0.4201679825782776,-1.843338131904602,0.0
1.0,0.4242175221443176,2.7813949584960938,1.0
0.0,-2.3204503059387207,-0.9057737588882446,0.0
1.0,-0.890450656414032,0.4477481245994568,0.0
0.0,-1.577662706375122,-2.5579607486724854,0.0
1.0,0.37520167231559753,-2.273709774017334,1.0
0.0,1.0750199556350708,0.4399584233760834,0.0
0.0,1.3214340209960938,-1.1836320161819458,0.0
0.0,1.962714672088623,0.40431392192840576,1.0
0.0,1.0852293968200684,0.5484291911125183,1.0
0.0,-1.4808332920074463,0.24166536331176758,0.0
0.0,0.5364028811454773,-2.341494560241699,0.0
1.0,-0.9348684549331665,-0.21675628423690796,0.0
1.0,1.4950754642486572,1.5743749141693115,1.0
0.0,-0.562298595905304,0.21532654762268066,0.0
1.0,2.1511197090148926,1.1246697902679443,1.0
1.0,1.377563714981079,-0.7665210366249084,0.0
0.0,-1.5052239894866943,-0.379480242729187,0.0
1.0,0.5369387865066528,0.2842840850353241,1.0
0.0,0.7060036063194275,1.4549754858016968,1.0
0.0,-0.2245296835899353,-0.28179681301116943,1.0
1.0,2.454911708831787,0.9322009682655334,1.0
0.0,-3.2798705101013184,-2.6050777435302734,0.0
1.0,-2.2831625938415527,-1.4387495517730713,0.0
0.0,0.7328643798828125,0.190129816532135,0.0
0.0,-0.6656418442726135,1.3000288009643555,1.0
1.0,-0.06548690795898438,0.07707035541534424,0.0
1.0,-0.4346870481967926,-1.6280755996704102,0.0
0.0,2.5408952236175537,0.9854509830474854,1.0
0.0,2.8835105895996094,3.199758529663086,1.0
0.0,1.4400156736373901,1.2503695487976074,1.0
0.0,0.042691946029663086,-1.3553887605667114,0.0
1.0,0.31713512539863586,-0.5651850700378418,1.0
0.0,1.8863484859466553,1.487377405166626,1.0
1.0,1.385826826095581,-3.007290840148926,0.0
0.0,0.20498126745224,-2.619877815246582,0.0
1.0,-0.3397766351699829,-0.07224154472351074,0.0
0.0,-0.19848978519439697,-0.2928580641746521,0.0
0.0,2.6407999992370605,0.25623655319213867,1.0
0.0,0.7022313475608826,1.2878979444503784,1.0
1.0,-1.4607387781143188,-1.4178245067596436,0.0
1.0,2.0124378204345703,0.2687748372554779,0.0
0.0,0.7747125029563904,-0.8071588277816772,1.0
0.0,-1.0744014978408813,0.7502968907356262,0.0
1.0,-1.8070449829101562,-2.5727343559265137,0.0
1.0,-0.3989439010620117,0.8785101175308228,0.0
0.0,1.3003851175308228,2.101727247238159,0.0
0.0,-0.2305593490600586,-1.686685562133789,0.0
0.0,-0.10340464115142822,0.18828308582305908,0.0
0.0,-0.055818453431129456,2.930229425430298,1.0
1.0,-2.8272862434387207,1.2331833839416504,0.0
0.0,-3.3181793689727783,-1.7830848693847656,0.0
1.0,0.6538919806480408,-0.25318896770477295,1.0
1.0,0.9161691069602966,1.1028077602386475,1.0
1.0,-1.2074863910675049,-0.2557665705680847,0.0
1.0,-1.2274136543273926,-0.686642050743103,0.0
1.0,0.3930041193962097,0.003814954310655594,0.0
1.0,-1.8498116731643677,-4.210257530212402,0.0
0.0,-0.2684711515903473,0.5634641647338867,0.0
0.0,0.6002717018127441,-0.9323498606681824,0.0
1.0,-0.6043568849563599,1.6814725399017334,0.0
0.0,-0.8686223030090332,1.629952073097229,1.0
1.0,1.779300332069397,2.9963276386260986,0.0
0.0,-0.135111004114151,3.2006938457489014,0.0
0.0,0.47392112016677856,1.424572467803955,1.0
1.0,2.1424660682678223,1.2527153491973877,1.0
0.0,-1.4873656034469604,0.6589374542236328,1.0
0.0,0.6608256101608276,0.4619438946247101,1.0
1.0,1.2361385822296143,-1.4169623851776123,0.0
1.0,-0.37094974517822266,-1.3258872032165527,0.0
0.0,0.5502942204475403,2.6152851581573486,0.0
1.0,0.23158353567123413,-4.59934139251709,0.0
0.0,-2.099926710128784,0.26511722803115845,0.0
0.0,0.6198908090591431,2.1826040744781494,1.0
1.0,0.25109317898750305,-1.4460293054580688,0.0
0.0,-0.7120717763900757,0.22320109605789185,0.0
1.0,0.8264896273612976,-2.989805221557617,0.0
0.0,-1.1452851295471191,0.0414348840713501,0.0
1.0,-2.3807272911071777,-1.273300051689148,0.0
0.0,0.4781973958015442,0.3970333933830261,0.0
1.0,-2.6721811294555664,-0.0034354031085968018,0.0
1.0,1.8719794750213623,0.8167033195495605,1.0
1.0,-1.5484678745269775,-5.066689968109131,0.0
1.0,1.1843092441558838,1.357320785522461,0.0
1.0,-0.26017865538597107,-0.6984268426895142,1.0
0.0,0.9664995074272156,0.8478376865386963,1.0
1.0,1.965219497680664,-0.7352588176727295,0.0
0.0,1.344570517539978,0.012249946594238281,1.0
1.0,-2.9009218215942383,-1.9050127267837524,0.0
1.0,-1.1156249046325684,0.31486475467681885,0.0
1.0,-0.04228729009628296,1.145326852798462,0.0
0.0,1.0037319660186768,-1.747290849685669,1.0
1.0,0.23521502315998077,-0.9014163017272949,0.0
1.0,0.3127710819244385,-0.5381780862808228,0.0
1.0,-0.6383695602416992,-0.6920163631439209,0.0
1.0,0.9663684368133545,0.3620827794075012,0.0
1.0,-0.384845107793808,-4.219106674194336,0.0
1.0,0.010255664587020874,-1.0592379570007324,0.0
1.0,0.6939029693603516,-0.34920212626457214,1.0
0.0,-0.6496143937110901,-1.6751117706298828,0.0
1.0,1.754746913909912,-0.3759802579879761,0.0
0.0,-1.934739589691162,1.4956437349319458,0.0
0.0,0.012593917548656464,0.18407166004180908,1.0
1.0,-0.31985539197921753,-0.9127457737922668,0.0
1.0,1.8011088371276855,-0.36459171772003174,0.0
0.0,2.6089727878570557,-0.4222429394721985,1.0
0.0,-0.6889433860778809,1.508738398551941,0.0
0.0,-1.5302408933639526,2.5603442192077637,0.0
0.0,-0.25918149948120117,1.0879817008972168,1.0
1.0,-0.07729312777519226,3.6019177436828613,1.0
0.0,1.2547874450683594,0.5742074847221375,0.0
1.0,-0.17276018857955933,1.778427243232727,0.0
0.0,-1.4144196510314941,2.8637332916259766,0.0
0.0,1.5911335945129395,3.629582405090332,1.0
1.0,0.18356698751449585,-1.5291383266448975,0.0
0.0,2.8978893756866455,0.3516356647014618,0.0
0.0,-0.17569579184055328,3.1461920738220215,1.0
0.0,0.16881242394447327,0.7742660045623779,1.0
1.0,2.654862403869629,1.7585463523864746,1.0
0.0,1.3283385038375854,-2.745062828063965,0.0
1.0,0.0029517188668251038,-1.4200241565704346,1.0
0.0,-1.0123674869537354,0.3324834108352661,1.0
0.0,1.9430346488952637,-0.40077143907546997,1.0
1.0,1.0675092935562134,0.7226207256317139,1.0
0.0,0.22132885456085205,1.430342674255371,0.0
1.0,1.0012210607528687,-1.0685279369354248,1.0
0.0,0.9389612078666687,2.261167526245117,0.0
0.0,0.696167528629303,-0.3418399393558502,1.0
1.0,-2.5362677574157715,0.7689276933670044,0.0
1.0,1.350218653678894,-0.7643592357635498,1.0
1.0,-3.1810154914855957,-2.865285873413086,0.0
1.0,1.6309126615524292,-1.486886739730835,0.0
0.0,-1.068387508392334,-0.7541605234146118,0.0
0.0,-0.32679957151412964,-1.2701078653335571,0.0
0.0,1.2153115272521973,-0.7379944324493408,1.0
1.0,-0.07398074865341187,1.3386151790618896,0.0
0.0,0.45479848980903625,-0.581404983997345,0.0
1.0,0.1940506547689438,-0.2574689984321594,1.0
1.0,1.5913995504379272,-2.6892905235290527,0.0
0.0,0.6659655570983887,0.4336700737476349,1.0
1.0,-0.4087224006652832,-2.2541351318359375,0.0
0.0,0.8095595836639404,0.2494450807571411,1.0
0.0,-0.1517687439918518,1.0885554552078247,0.0
1.0,1.5486857891082764,-1.385123610496521,0.0
1.0,1.0575324296951294,-2.1945085525512695,0.0
1.0,2.155150890350342,1.9094908237457275,1.0
1.0,-3.4003355503082275,0.3417401611804962,0.0
0.0,-1.2836768627166748,2.2332444190979004,0.0
1.0,1.6986029148101807,0.48750001192092896,0.0
0.0,-1.0540075302124023,-0.3446199893951416,0.0
1.0,0.07021546363830566,-0.7369983792304993,1.0
0.0,-0.822644829750061,2.112510919570923,0.0
0.0,-2.643681049346924,0.16972070932388306,1.0
1.0,-1.7712290287017822,-0.9279249310493469,0.0
1.0,0.04157072305679321,0.7064912915229797,0.0
1.0,2.101825714111328,-0.749025821685791,0.0
1.0,-0.7005019187927246,-0.6791682243347168,0.0
0.0,-1.0486772060394287,1.945629358291626,1.0
1.0,0.4903603792190552,0.9787347912788391,1.0
1.0,-1.2248470783233643,-1.7144722938537598,0.0
1.0,-0.4195168614387512,0.45598304271698,0.0
0.0,-1.083442211151123,-0.11768803000450134,1.0
1.0,-0.5462964773178101,-3.2444779872894287,0.0
1.0,0.027265310287475586,-1.0193095207214355,0.0
0.0,1.0860413312911987,5.067623615264893,1.0
0.0,-0.7688981294631958,0.7064762115478516,0.0
1.0,-0.19009661674499512,-3.341874361038208,0.0
0.0,-0.756590723991394,-0.6450897455215454,0.0
1.0,-1.1750067472457886,-1.0258804559707642,0.0
1.0,-0.9346811175346375,0.6054211258888245,0.0
1.0,-0.44821643829345703,1.4615637063980103,0.0
0.0,-1.3159441947937012,-0.6419358253479004,0.0
0.0,0.04125678539276123,-0.36632031202316284,0.0
1.0,0.666592001914978,1.7052817344665527,1.0
0.0,1.2491588592529297,-0.16679522395133972,1.0
1.0,-1.6410984992980957,-1.7853436470031738,0.0
0.0,-0.6457053422927856,-2.379915714263916,1.0
1.0,1.2201051712036133,0.07975894212722778,1.0
0.0,0.7142699360847473,1.916797399520874,1.0
0.0,-0.3541438579559326,-1.5546150207519531,0.0
0.0,-0.2176523506641388,-1.1839414834976196,0.0
0.0,-0.6530242562294006,2.551943302154541,1.0
1.0,-1.3218836784362793,-1.4222636222839355,0.0
1.0,1.6856673955917358,-0.8524375557899475,1.0
0.0,0.16768434643745422,0.5949894189834595,1.0
1.0,-2.4451093673706055,0.8096908330917358,0.0
0.0,2.320582866668701,1.2752277851104736,1.0
1.0,-1.501971960067749,-1.2523597478866577,0.0
0.0,0.6859704256057739,1.686813235282898,1.0
1.0,0.19534960389137268,-1.9220337867736816,0.0
1.0,-0.5164615511894226,-0.5337235927581787,0.0
1.0,-0.5350992679595947,-2.3552844524383545,0.0
1.0,-0.46651333570480347,-2.1097469329833984,0.0
0.0,0.9522930383682251,-0.21100831031799316,1.0
0.0,0.347214937210083,0.9628965854644775,1.0
1.0,-0.9209661483764648,0.24353480339050293,1.0
1.0,0.43817347288131714,-0.2551158666610718,1.0
0.0,-0.0667678713798523,-0.5813555717468262,1.0
1.0,1.3098580837249756,0.8256617188453674,0.0
0.0,1.7628315687179565,-0.07106459140777588,1.0
0.0,-0.2859927713871002,2.117206573486328,1.0
0.0,0.7492355108261108,0.6704013347625732,0.0
1.0,-1.6537164449691772,-0.7034759521484375,0.0
1.0,-1.552825689315796,0.28176331520080566,0.0
1.0,0.6543676257133484,-0.081358402967453,1.0
0.0,0.6290988922119141,2.117039680480957,0.0
1.0,-0.5599496364593506,2.166680335998535,1.0
1.0,1.7912013530731201,-0.33312398195266724,0.0
1.0,1.1806164979934692,0.9186462163925171,1.0
1.0,1.104425311088562,3.37593412399292,1.0
1.0,1.7107534408569336,-2.5149199962615967,0.0
0.0,1.2706891298294067,2.130613327026367,1.0
0.0,-1.8403245210647583,-0.015895605087280273,0.0
1.0,-0.40532612800598145,-0.2512441873550415,1.0
0.0,-0.5976265668869019,0.5617548227310181,1.0
1.0,0.6694342494010925,1.11343252658844,1.0
1.0,-0.4818790555000305,-3.0602951049804688,1.0
0.0,-0.41510331630706787,1.8780714273452759,0.0
0.0,0.450385719537735,-1.9933061599731445,0.0
1.0,0.2977040112018585,0.19262303411960602,1.0
1.0,-0.34000441431999207,-0.9831644892692566,0.0
1.0,0.35023099184036255,1.669922113418579,0.0
1.0,-1.1233561038970947,-2.2015902996063232,0.0
1.0,1.585315227508545,1.3179278373718262,1.0
1.0,-0.08042705059051514,-0.9610034227371216,0.0
0.0,-0.5644571781158447,1.2993601560592651,1.0
1.0,1.0475720167160034,-0.8293858170509338,0.0
0.0,1.0032751560211182,1.5708589553833008,1.0
0.0,0.6650340557098389,-0.9019469618797302,1.0
1.0,-0.6008383631706238,2.6270928382873535,1.0
0.0,3.783724546432495,-0.4814552068710327,1.0
0.0,-0.8764311075210571,-1.158980131149292,0.0
1.0,-2.2063586711883545,-1.6608226299285889,1.0
1.0,-0.6828446388244629,-1.252471685409546,0.0
0.0,0.10023118555545807,0.5408688187599182,0.0
0.0,-1.0326306819915771,0.49441593885421753,1.0
0.0,-1.8170208930969238,-1.1537322998046875,0.0
0.0,-2.2404778003692627,0.16805577278137207,0.0
1.0,-1.4542059898376465,0.6096711754798889,1.0
0.0,1.0090458393096924,2.3388476371765137,1.0
1.0,-0.8617076873779297,0.6233329176902771,0.0
0.0,1.2969101667404175,-3.47407865524292,0.0
1.0,2.7198636531829834,-3.2162795066833496,0.0
1.0,-0.062497541308403015,-0.117240309715271,0.0
1.0,-0.016480371356010437,0.9188569188117981,1.0
1.0,0.5897659659385681,-1.4845483303070068,0.0
1.0,-1.5684326887130737,-0.7438214421272278,0.0
1.0,0.7578655481338501,-0.163682222366333,1.0
0.0,2.1553573608398438,0.9496002197265625,1.0
0.0,1.1230788230895996,1.2936029434204102,1.0
0.0,2.350961446762085,1.002537727355957,1.0
0.0,-0.790465235710144,-1.0326001644134521,1.0
0.0,-1.2172725200653076,1.8771930932998657,1.0
0.0,-2.287609577178955,-1.964891791343689,0.0
1.0,-1.4936288595199585,0.17005321383476257,1.0
1.0,0.4491513967514038,-3.2064385414123535,0.0
1.0,1.3564395904541016,-0.6593383550643921,1.0
1.0,2.673048734664917,-1.6035921573638916,1.0
1.0,-2.5267648696899414,0.09191375970840454,0.0
1.0,0.8094366788864136,-0.011264383792877197,1.0
0.0,1.2488690614700317,-3.6908249855041504,0.0
0.0,-0.6531740427017212,2.1347856521606445,0.0
1.0,0.9140794277191162,0.22988656163215637,0.0
1.0,-0.34100013971328735,1.2060226202011108,1.0
1.0,0.8012111186981201,-1.0198978185653687,0.0
0.0,-0.5072147250175476,0.5402547121047974,1.0
1.0,-0.14583146572113037,0.2730025053024292,0.0
0.0,-1.1518757343292236,-0.627387523651123,0.0
1.0,-1.2360488176345825,-0.494101345539093,0.0
1.0,0.880188524723053,0.0013408660888671875,1.0
1.0,-1.2897950410842896,-0.49596279859542847,0.0
1.0,0.8696736693382263,-1.11977219581604,0.0
1.0,0.08821451663970947,0.5071856379508972,1.0
1.0,-2.46582293510437,-2.188849687576294,0.0
0.0,1.5160143375396729,2.2473955154418945,0.0
0.0,-1.553241491317749,-2.765810489654541,0.0
1.0,-2.6140456199645996,-0.469379723072052,0.0
0.0,1.199552059173584,1.4750033617019653,0.0
1.0,2.4885411262512207,0.14794683456420898,1.0
1.0,1.273733377456665,1.5900764465332031,1.0
1.0,-1.4072781801223755,-3.2823822498321533,0.0
1.0,-1.707448959350586,2.0455801486968994,0.0
1.0,1.011094331741333,0.6402154564857483,1.0
1.0,-0.017166346311569214,-1.1446465253829956,0.0
1.0,-0.4224064350128174,-1.2089996337890625,0.0
0.0,1.0196439027786255,0.6130906343460083,0.0
0.0,-0.3108551502227783,0.6526276469230652,1.0
1.0,-1.5522611141204834,-0.2091873288154602,0.0
0.0,0.7506887912750244,-1.748104453086853,0.0
1.0,0.3397076725959778,0.9868985414505005,1.0
0.0,2.623861789703369,3.8624024391174316,1.0
1.0,-0.734813928604126,-1.9722305536270142,0.0
1.0,-2.9027438163757324,-2.493675708770752,0.0
0.0,0.7644034028053284,1.883173942565918,0.0
1.0,0.15444184839725494,-1.5697896480560303,0.0
1.0,-0.19199949502944946,1.6671216487884521,0.0
0.0,-0.1384492665529251,2.9515206813812256,0.0
1.0,-1.0652567148208618,-1.6553308963775635,0.0
0.0,0.03369307518005371,2.746890068054199,0.0
0.0,-1.9428976774215698,-0.6140347719192505,0.0
0.0,0.10099399089813232,0.559340238571167,0.0
0.0,0.3346909284591675,2.374849796295166,1.0
0.0,-0.27551212906837463,-2.174574851989746,0.0
1.0,-1.4819214344024658,0.10788582265377045,0.0
1.0,2.266183614730835,-0.5184261798858643,0.0
0.0,-0.2277032732963562,-0.539779782295227,0.0
0.0,-0.26518237590789795,-0.5832175016403198,0.0
0.0,0.7537665367126465,-0.6866761445999146,1.0
0.0,-0.9070104360580444,0.6290557384490967,1.0
0.0,1.0340100526809692,1.719307780265808,1.0
1.0,-0.067603200674057,-0.26825273036956787,0.0
0.0,-1.906954050064087,-0.5008995532989502,0.0
0.0,1.0222902297973633,1.5483042001724243,1.0
0.0,-2.046245574951172,-2.058516263961792,0.0
1.0,-0.28712984919548035,-2.37917423248291,0.0
0.0,-1.7745301723480225,-0.12661010026931763,0.0
1.0,-0.04719662666320801,0.6947826743125916,0.0
0.0,-1.7866861820220947,1.6367769241333008,0.0
1.0,1.9195507764816284,-0.21034187078475952,0.0
0.0,2.3697986602783203,0.646843671798706,1.0
1.0,-0.1364060640335083,0.8318593502044678,1.0
0.0,-1.3608540296554565,-0.7514843344688416,0.0
0.0,0.37663888931274414,2.8268086910247803,1.0
1.0,0.02026236057281494,-1.3555333614349365,0.0
1.0,-0.4110703468322754,-1.2637524604797363,1.0
0.0,-0.2390308380126953,3.8906662464141846,1.0
1.0,1.3522142171859741,1.9657504558563232,0.0
1.0,0.07877854257822037,-1.7097749710083008,1.0
1.0,1.2816976308822632,1.1227171421051025,0.0
1.0,0.10657840967178345,0.07199691236019135,0.0
0.0,-0.6914732456207275,-0.7661097645759583,0.0
1.0,0.3110293745994568,-2.3054168224334717,0.0
0.0,-1.6871808767318726,1.7601895332336426,0.0
1.0,0.44441333413124084,0.08110344409942627,0.0
0.0,1.6905922889709473,0.8055809140205383,1.0
1.0,-0.11243003606796265,-1.767913818359375,0.0
0.0,-0.9316724538803101,1.5933549404144287,1.0
0.0,1.9190386533737183,2.1608405113220215,1.0
1.0,0.21533852815628052,2.0000483989715576,1.0
1.0,1.660168170928955,-1.73167085647583,1.0
1.0,0.797929048538208,1.3868882656097412,0.0
1.0,-0.9828677177429199,-1.9380474090576172,1.0
0.0,0.1486358791589737,1.4754152297973633,0.0
1.0,-1.4756593704223633,-3.1421284675598145,0.0
1.0,0.32104530930519104,1.6828045845031738,1.0
0.0,0.4083637297153473,1.3940436840057373,1.0
1.0,0.5209725499153137,0.2561400532722473,1.0
1.0,1.0590605735778809,0.48750758171081543,1.0
1.0,-0.8292137384414673,-2.034606456756592,0.0
1.0,-0.0858866274356842,-0.5879708528518677,0.0
1.0,-0.016076624393463135,-2.6454176902770996,0.0
1.0,-1.0307801961898804,0.1288459300994873,0.0
1.0,-2.4877705574035645,-3.552058458328247,0.0
0.0,-0.5688262581825256,-0.643808901309967,0.0
1.0,2.3485279083251953,1.924220323562622,1.0
0.0,-0.1510079950094223,0.3764213025569916,1.0
0.0,-0.6887086033821106,-0.7009817957878113,1.0
0.0,-1.0333263874053955,-0.9443723559379578,1.0
1.0,-0.6845209002494812,0.1957269310951233,0.0
0.0,1.192508339881897,-0.9211593270301819,1.0
1.0,0.8640835285186768,2.4130306243896484,1.0
1.0,0.2540241777896881,-1.9667704105377197,0.0
1.0,1.3769181966781616,0.25490906834602356,1.0
0.0,0.3559369444847107,1.0233345031738281,0.0
0.0,-0.6621609926223755,1.19528067111969,0.0
0.0,1.5926316976547241,-1.0478136539459229,1.0
0.0,-0.42889276146888733,-0.48468828201293945,0.0
1.0,0.8930829763412476,-1.7475292682647705,0.0
1.0,-0.4758208394050598,0.09194660186767578,1.0
1.0,-0.3331649601459503,2.7146854400634766,1.0
1.0,-1.1798665523529053,-1.6711935997009277,0.0
1.0,-0.4512344002723694,-3.5865068435668945,1.0
1.0,-2.0245516300201416,0.8647054433822632,0.0
1.0,0.5248452425003052,1.0271549224853516,0.0
0.0,-2.0588269233703613,1.7831141948699951,1.0
0.0,0.3855498433113098,-1.7154719829559326,0.0
1.0,-0.546948254108429,-2.1155524253845215,0.0
1.0,0.7519214749336243,2.0844271183013916,1.0
1.0,0.20960479974746704,-0.6113263964653015,1.0
0.0,-1.3744230270385742,-0.602066159248352,0.0
0.0,-1.8300883769989014,-0.7010480165481567,0.0
1.0,-0.1330564320087433,-2.646498203277588,0.0
0.0,0.4551151394844055,0.2923612594604492,1.0
1.0,-1.7146501541137695,0.0687028169631958,0.0
0.0,-0.17535564303398132,0.4405333995819092,0.0
1.0,0.003145456314086914,-0.3917672038078308,0.0
1.0,0.35479432344436646,1.3693947792053223,1.0
0.0,1.180912971496582,-3.183577537536621,0.0
0.0,-1.1367552280426025,0.6782888174057007,1.0
0.0,2.1674535274505615,0.29755687713623047,1.0
1.0,2.1576426029205322,-0.20387768745422363,1.0
1.0,1.6591209173202515,-0.8492342233657837,1.0
0.0,1.8196783065795898,0.5665534138679504,1.0
1.0,0.7729119062423706,3.332195281982422,1.0
1.0,1.0571579933166504,0.6088555455207825,1.0
0.0,0.9833699464797974,2.2219815254211426,1.0
0.0,1.3245553970336914,0.3273789882659912,1.0
1.0,-1.9528441429138184,1.0634297132492065,1.0
0.0,-1.2154839038848877,-1.2448601722717285,0.0
1.0,-2.077119827270508,-0.6865073442459106,0.0
1.0,-0.8224921226501465,1.5525888204574585,1.0
1.0,-2.1230740547180176,0.10981965065002441,0.0
0.0,-2.2981467247009277,0.5127427577972412,0.0
1.0,-2.5191903114318848,-1.205740213394165,0.0
0.0,-2.1944777965545654,0.3805807828903198,0.0
1.0,-0.6401145458221436,-0.7475852370262146,0.0
0.0,-1.1754186153411865,1.2554824352264404,0.0
0.0,0.5074110627174377,2.7866835594177246,1.0
0.0,-0.6347156763076782,2.11344575881958,0.0
1.0,-0.19967544078826904,-1.6309919357299805,0.0
1.0,-0.41530975699424744,3.0674448013305664,1.0
0.0,1.5462920665740967,2.0093235969543457,1.0
1.0,-0.6958323121070862,-0.4894790053367615,1.0
1.0,-0.3418619930744171,1.3150702714920044,1.0
0.0,-1.0564688444137573,0.9780957698822021,0.0
1.0,-0.37146055698394775,-0.0005045533180236816,0.0
0.0,1.6000350713729858,3.0362205505371094,1.0
1.0,-2.1708767414093018,-1.2997660636901855,1.0
1.0,0.7060761451721191,-2.6327977180480957,0.0
0.0,0.37882357835769653,1.321459412574768,0.0
0.0,-0.7878912091255188,-0.29020997881889343,0.0
1.0,2.6466238498687744,2.0672054290771484,1.0
0.0,0.030274033546447754,0.571908712387085,0.0
0.0,-1.0058279037475586,1.0261951684951782,1.0
1.0,0.13476665318012238,-1.3425931930541992,1.0
1.0,1.3021310567855835,-0.5453916788101196,0.0
1.0,2.0888850688934326,0.44235312938690186,0.0
0.0,0.8469558358192444,1.1450928449630737,0.0
0.0,-0.14515900611877441,0.008791983127593994,1.0
1.0,-3.026449203491211,-0.7599267959594727,0.0
1.0,-2.6078338623046875,-0.8048859238624573,0.0
1.0,-1.3396270275115967,-0.21762028336524963,0.0
1.0,-1.065346360206604,-2.0527820587158203,0.0
0.0,-0.6990964412689209,1.0562628507614136,1.0
0.0,-0.9329476356506348,1.5151970386505127,0.0
1.0,-0.8987218141555786,-2.1710140705108643,0.0
1.0,1.3043186664581299,-0.1887495517730713,0.0
1.0,-0.9040414094924927,-0.4382544755935669,0.0
1.0,-0.5916622877120972,-0.8354175686836243,0.0
1.0,-1.5767346620559692,-0.7723543643951416,0.0
1.0,-0.5644006729125977,-2.6060872077941895,0.0
0.0,-0.1733439564704895,-0.7653243541717529,0.0
0.0,0.75870680809021,1.6311228275299072,1.0
1.0,-0.4177401065826416,-1.0090227127075195,0.0
1.0,1.1422679424285889,-1.8467662334442139,1.0
0.0,-0.46402159333229065,1.020020604133606,1.0
0.0,0.05264371633529663,-0.3716101348400116,0.0
1.0,-0.27371203899383545,0.19847702980041504,0.0
1.0,-0.626623272895813,-1.801397442817688,0.0
1.0,0.794277548789978,1.5570021867752075,1.0
1.0,-1.0898540019989014,-2.5751752853393555,1.0
0.0,0.05296225845813751,-2.344635009765625,0.0
0.0,-2.2011141777038574,-0.6039403676986694,0.0
0.0,-3.6688551902770996,-1.9377349615097046,0.0
1.0,1.593203067779541,0.8968128561973572,1.0
1.0,0.18751657009124756,1.4008978605270386,1.0
1.0,-0.47947657108306885,-1.6100918054580688,0.0
0.0,-1.770553708076477,0.5017155408859253,0.0
0.0,2.136350393295288,-3.746154308319092,0.0
0.0,-0.00972205400466919,0.41459619998931885,1.0
0.0,0.8048763275146484,1.4185978174209595,1.0
1.0,0.5649912357330322,-0.9374879002571106,0.0
0.0,-0.6294952034950256,0.7244419455528259,0.0
0.0,3.322950839996338,1.4115056991577148,1.0
1.0,3.184122085571289,-0.5613868236541748,0.0
0.0,1.211371898651123,0.6256183385848999,1.0
0.0,0.5192858576774597,2.2293238639831543,1.0
0.0,1.9510324001312256,1.2414581775665283,1.0
1.0,-1.107977032661438,-1.148095726966858,1.0
0.0,0.8396010398864746,0.7659121751785278,0.0
0.0,0.06431108713150024,1.0034561157226562,0.0
0.0,-0.8973298072814941,-2.5195298194885254,0.0
0.0,-3.7775206565856934,-0.11662042140960693,0.0
0.0,-1.1439650058746338,-0.9980692863464355,0.0
0.0,-1.6113823652267456,-2.3774032592773438,0.0
1.0,-0.9082871675491333,0.5501405000686646,0.0
1.0,0.11525213718414307,2.0346851348876953,1.0
1.0,-0.9274837970733643,-1.0699145793914795,0.0
0.0,0.5288277268409729,-1.6173062324523926,0.0
1.0,-0.15228816866874695,-1.7578694820404053,0.0
1.0,-2.077030658721924,-0.4833739995956421,0.0
1.0,-1.2134308815002441,0.08189903199672699,0.0
1.0,0.039558470249176025,1.1831903457641602,0.0
0.0,2.3989651203155518,0.46012401580810547,1.0
0.0,0.3187934458255768,-0.4389742314815521,0.0
1.0,-0.07611203193664551,-3.40339994430542,0.0
0.0,-2.108144998550415,0.5734096765518188,0.0
0.0,1.4837663173675537,0.6438097953796387,1.0
0.0,1.3660767078399658,2.9146032333374023,1.0
0.0,-0.24293874204158783,-1.5889791250228882,0.0
1.0,-0.8041679859161377,-0.0943918228149414,1.0
0.0,-1.7474329471588135,1.8862661123275757,0.0
1.0,-0.6346162557601929,0.03885573148727417,0.0
1.0,-0.7881892919540405,1.0416258573532104,0.0
0.0,1.0577789545059204,0.4631413221359253,1.0
1.0,-0.19372451305389404,-0.6266176700592041,0.0
1.0,1.0980864763259888,1.5572574138641357,1.0
1.0,-0.19117897748947144,-0.5910546779632568,0.0
0.0,-0.6604363918304443,-0.37521806359291077,1.0
1.0,0.9088196754455566,-1.7532222270965576,1.0
0.0,1.763279676437378,-1.4221656322479248,0.0
1.0,0.012299591675400734,0.24656540155410767,0.0
1.0,-0.9956101775169373,-2.816598892211914,1.0
1.0,-0.27814584970474243,-0.6135371923446655,0.0
0.0,-0.7069180607795715,2.8365278244018555,0.0
1.0,-0.5072396397590637,-2.6328914165496826,0.0
0.0,3.0783894062042236,-0.6895636916160583,1.0
1.0,-0.3039047122001648,-1.974178433418274,0.0
0.0,-0.05733919143676758,-0.2892654240131378,0.0
1.0,1.1456152200698853,-0.0996505618095398,1.0
0.0,-1.067340612411499,2.2664341926574707,1.0
1.0,-1.240248441696167,0.05446219444274902,0.0
0.0,2.4980435371398926,0.4703322649002075,1.0
0.0,0.20724093914031982,-1.1346969604492188,0.0
1.0,-2.8298068046569824,-1.9237658977508545,1.0
1.0,0.7073561549186707,1.0582492351531982,1.0
1.0,-0.47978490591049194,1.3035848140716553,0.0
1.0,1.3597640991210938,0.4319798946380615,0.0
0.0,0.17395734786987305,1.7653948068618774,0.0
0.0,-0.44982558488845825,0.7592607140541077,0.0
1.0,-2.115980386734009,-2.3387610912323,0.0
0.0,-0.8668298125267029,-2.451486110687256,0.0
0.0,-0.2700994908809662,4.3925461769104,0.0
0.0,0.32249510288238525,-0.08213160932064056,1.0
0.0,0.04288583993911743,-0.3376407027244568,0.0
1.0,-0.11460918933153152,-1.5880829095840454,1.0
1.0,1.203625202178955,0.5049113035202026,0.0
0.0,-2.2115373611450195,0.06519430875778198,0.0
0.0,-0.3111555576324463,1.0199909210205078,0.0
1.0,2.301485538482666,-1.0644112825393677,0.0
0.0,-1.6517043113708496,0.32969915866851807,0.0
1.0,-0.8557640910148621,-1.3590129613876343,0.0
1.0,0.9452274441719055,-3.4857306480407715,0.0
0.0,-1.9439035654067993,-2.0242717266082764,0.0
0.0,1.386605978012085,-1.9189643859863281,0.0
1.0,-1.0638327598571777,0.37190479040145874,0.0
1.0,-0.4489431381225586,-1.3594163656234741,1.0
0.0,-1.668136715888977,0.70747309923172,1.0
0.0,-0.780458390712738,-0.8372976779937744,0.0
0.0,2.0457074642181396,2.568185806274414,1.0
1.0,-1.229449987411499,1.4611713886260986,0.0
0.0,-0.6084532141685486,1.0304290056228638,0.0
1.0,-4.106607913970947,-2.636059522628784,0.0
1.0,1.0361666679382324,-0.19470226764678955,1.0
0.0,1.633059024810791,-0.4341994524002075,1.0
0.0,-0.5137326121330261,3.0152387619018555,1.0
1.0,-1.2440820932388306,0.0533447265625,0.0
1.0,0.9089916348457336,-3.6674299240112305,0.0
0.0,2.0412847995758057,2.3076248168945312,1.0
1.0,1.1197900772094727,-1.532954454421997,0.0
0.0,-2.9910855293273926,-1.0566792488098145,0.0
1.0,-0.26523157954216003,0.5235699415206909,1.0
0.0,-0.5439379811286926,0.20624345541000366,1.0
0.0,-0.49160200357437134,-0.6620268821716309,0.0
0.0,0.6940822005271912,-0.3704897463321686,1.0
0.0,-1.3224607706069946,-1.8604631423950195,0.0
1.0,-0.45138421654701233,-1.076755166053772,0.0
0.0,0.15678974986076355,1.3466930389404297,1.0
0.0,3.102830171585083,0.035547688603401184,1.0
1.0,0.025650829076766968,0.29599303007125854,1.0
1.0,0.19194775819778442,-0.1837710738182068,0.0
0.0,1.2498235702514648,-2.173243522644043,1.0
1.0,-0.24028977751731873,-0.25950658321380615,1.0
0.0,1.7537283897399902,-0.32356613874435425,1.0
0.0,1.657302975654602,3.0859997272491455,1.0
0.0,-2.5341014862060547,-0.63759845495224,0.0
0.0,1.3878778219223022,0.8340650200843811,1.0
1.0,-1.2091110944747925,2.405724287033081,0.0
1.0,0.8215258121490479,-1.3335005044937134,0.0
0.0,0.9172111749649048,0.8012711405754089,1.0
1.0,-0.8477753400802612,-1.7462278604507446,0.0
1.0,-0.5795669555664062,-0.7151743173599243,0.0
1.0,1.033287525177002,2.0720694065093994,1.0
0.0,0.9768537282943726,-0.3388963043689728,0.0
0.0,0.4316093623638153,-1.6320358514785767,1.0
1.0,-1.2214946746826172,-1.3445420265197754,0.0
0.0,0.6038867235183716,-0.06856018304824829,1.0
1.0,-0.554570734500885,-0.8800830245018005,0.0
0.0,-1.2012189626693726,0.966875433921814,0.0
0.0,-0.40771082043647766,-0.49428099393844604,1.0
0.0,-1.0849467515945435,2.059016227722168,0.0
0.0,0.7954607605934143,0.29859986901283264,1.0
1.0,-0.9424071311950684,3.0031630992889404,0.0
1.0,-1.124202013015747,-0.8741651177406311,0.0
0.0,0.23609744012355804,-1.0788488388061523,0.0
0.0,-0.961900532245636,-0.4282987713813782,0.0
1.0,-1.3150955438613892,-0.40578579902648926,0.0
0.0,1.0827741622924805,-0.9303819537162781,0.0
1.0,-1.6924991607666016,-1.4673845767974854,0.0
0.0,-1.1967835426330566,-0.08881017565727234,0.0
0.0,-0.942919135093689,-0.39621081948280334,0.0
1.0,0.9972187280654907,-1.751832127571106,0.0
1.0,1.6241322755813599,0.8395959138870239,0.0
1.0,-1.4498767852783203,0.17204022407531738,0.0
0.0,0.0773058533668518,1.4846434593200684,0.0
0.0,-1.0986547470092773,-0.718169629573822,0.0
0.0,1.9471572637557983,0.9101453423500061,1.0
0.0,-0.1974363625049591,0.5662762522697449,1.0
1.0,-1.6664769649505615,-0.6662057638168335,0.0
0.0,0.13463875651359558,1.0759896039962769,1.0
0.0,0.1410563439130783,1.0681777000427246,1.0
1.0,-1.7240147590637207,-0.567050576210022,0.0
1.0,-1.3434960842132568,-2.442514181137085,0.0
1.0,-0.5608969926834106,-0.5789889097213745,0.0
0.0,1.8539552688598633,2.1352767944335938,0.0
0.0,-0.3155118227005005,1.117605447769165,0.0
1.0,0.6352858543395996,-1.5205309391021729,0.0
0.0,1.4409219026565552,1.4931185245513916,1.0
1.0,-1.245707392692566,-0.09141933917999268,0.0
0.0,-2.1859371662139893,0.569007396697998,0.0
0.0,-0.5668478608131409,-1.4023382663726807,0.0
1.0,0.7391199469566345,-0.19137351214885712,1.0
1.0,-0.2827865481376648,0.3673485517501831,0.0
1.0,-1.5134741067886353,-0.8401750326156616,0.0
0.0,-0.9543445706367493,-0.5741103887557983,0.0
0.0,0.22642052173614502,0.14748680591583252,0.0
1.0,0.8580358624458313,0.753991961479187,1.0
0.0,-0.5860859751701355,3.9190561771392822,1.0
1.0,-1.3305277824401855,-1.4359930753707886,0.0
1.0,0.5778285264968872,-2.8858389854431152,0.0
1.0,-1.064926028251648,-0.07961529493331909,0.0
1.0,-1.142956256866455,-0.6004790663719177,0.0
0.0,1.3961820602416992,1.1670440435409546,1.0
1.0,0.5642623901367188,-0.03157448768615723,1.0
1.0,1.7983291149139404,-0.16264092922210693,0.0
1.0,1.6694157123565674,-0.8341026306152344,0.0
1.0,0.05268603563308716,-0.6538281440734863,1.0
0.0,-0.5426651239395142,-1.5575662851333618,1.0
1.0,2.841826915740967,-0.758355438709259,1.0
0.0,0.9946486949920654,0.13533568382263184,1.0
0.0,2.870865821838379,1.829784631729126,0.0
1.0,-1.273775577545166,-0.9977999329566956,1.0
0.0,-1.0615007877349854,2.373307228088379,0.0
0.0,1.034367561340332,0.32055747509002686,1.0
0.0,-3.1223995685577393,0.286459356546402,0.0
0.0,1.8295189142227173,1.024245262145996,1.0
1.0,0.21020454168319702,1.0587313175201416,0.0
0.0,-2.27274227142334,0.17110204696655273,0.0
1.0,1.3662039041519165,-3.6497080326080322,1.0
0.0,-0.2286626547574997,2.443070411682129,1.0
0.0,-0.9065060615539551,0.5281199216842651,0.0
1.0,0.11398221552371979,-1.1106715202331543,0.0
0.0,0.1794164776802063,-0.490689754486084,0.0
1.0,-0.9007118940353394,0.09088078141212463,1.0
0.0,-1.1025190353393555,0.6785534620285034,0.0
1.0,-1.9388236999511719,-1.3879847526550293,0.0
0.0,-1.464735746383667,-1.6091535091400146,0.0
0.0,0.8130228519439697,0.8254371285438538,1.0
1.0,0.8202753067016602,2.6823134422302246,1.0
0.0,1.627099633216858,1.94027578830719,1.0
1.0,0.7280206680297852,0.9779055714607239,1.0
0.0,-1.8103567361831665,-1.415071964263916,0.0
1.0,-0.48075979948043823,-1.8077337741851807,0.0
0.0,-1.8110883235931396,0.5929651260375977,0.0
0.0,-2.6720993518829346,0.6543971300125122,0.0
0.0,0.17429926991462708,1.8701608180999756,1.0
1.0,-0.16599544882774353,1.3116427659988403,1.0
0.0,0.7500770688056946,-1.392060399055481,0.0
1.0,-0.5799790024757385,-3.126447916030884,0.0
1.0,-0.03029521554708481,1.206864356994629,1.0
0.0,-1.840659260749817,-1.3249098062515259,0.0
1.0,-0.4614398777484894,-2.031571865081787,0.0
1.0,0.7039544582366943,0.3401641547679901,1.0
1.0,0.7777004241943359,-0.4959840774536133,1.0
1.0,-1.2336047887802124,2.406048059463501,1.0
1.0,-1.2953176498413086,0.14017486572265625,0.0
0.0,1.3317598104476929,-0.23748165369033813,0.0
1.0,-0.7475420236587524,0.6159671545028687,0.0
1.0,1.895167350769043,0.47034382820129395,1.0
1.0,0.1896410584449768,1.7634860277175903,0.0
1.0,-1.778111457824707,-0.7238020300865173,0.0
0.0,0.8195862770080566,2.936397075653076,1.0
0.0,2.867731809616089,0.638076663017273,1.0
0.0,0.1988106369972229,0.7241983413696289,1.0
1.0,-0.0974210798740387,-0.7890894412994385,1.0
1.0,-2.0724949836730957,-1.6212846040725708,1.0
0.0,0.4849221706390381,4.25478982925415,1.0
1.0,-1.1691200733184814,-2.4135704040527344,0.0
1.0,1.2116246223449707,-1.0265262126922607,0.0
1.0,2.314937114715576,1.4366466999053955,1.0
1.0,0.1124914288520813,0.6049824953079224,1.0
0.0,-1.6286944150924683,-2.9688825607299805,0.0
0.0,0.8899378776550293,0.44197189807891846,1.0
1.0,0.2424352914094925,0.335466206073761,0.0
1.0,-1.073028802871704,0.12065848708152771,0.0
1.0,1.6124926805496216,-1.1384960412979126,0.0
0.0,1.1414060592651367,1.7726216316223145,1.0
0.0,-0.26104581356048584,-0.388915479183197,0.0
0.0,0.4492409825325012,-2.5499532222747803,1.0
1.0,-1.4074583053588867,-1.4704105854034424,0.0
1.0,-2.2095437049865723,-2.4365227222442627,0.0
1.0,1.4978313446044922,-1.5148049592971802,0.0
0.0,-0.8147958517074585,-2.7831835746765137,1.0
1.0,-0.23871397972106934,-0.06549608707427979,1.0
1.0,2.789583444595337,-1.0176335573196411,0.0
1.0,-1.6337254047393799,0.2901284694671631,0.0
0.0,0.5720531940460205,1.3956199884414673,1.0
0.0,0.5137039422988892,1.9346330165863037,1.0
0.0,-0.4379817247390747,-0.3339135944843292,1.0
1.0,-1.1486053466796875,0.5555034875869751,0.0
1.0,1.0423179864883423,0.22227314114570618,1.0
1.0,-0.14747574925422668,-0.5737704038619995,0.0
0.0,-1.3587294816970825,-1.5518971681594849,0.0
1.0,0.8610426783561707,0.6188703179359436,1.0
1.0,0.9227230548858643,-2.8063387870788574,1.0
0.0,-3.1071982383728027,-0.14877542853355408,0.0
1.0,-2.400841236114502,0.8890981674194336,0.0
0.0,2.3905158042907715,1.0276211500167847,1.0
1.0,-0.4416261613368988,0.4400831460952759,0.0
0.0,0.11068812012672424,0.4079630374908447,0.0
0.0,-1.068065881729126,1.1622734069824219,0.0
1.0,-0.22878745198249817,-1.4261195659637451,0.0
1.0,0.6620394587516785,0.4208333194255829,0.0
0.0,0.408113956451416,-0.10698854923248291,1.0
0.0,-2.0106091499328613,-2.002798557281494,0.0
0.0,-1.2857969999313354,-2.052217960357666,0.0
1.0,-2.5388619899749756,-2.1877291202545166,0.0
1.0,1.2289789915084839,1.0956004858016968,0.0
1.0,-2.479688882827759,-0.5363485813140869,1.0
1.0,-1.4050638675689697,-1.002129077911377,0.0
0.0,-0.39552098512649536,1.307331919670105,0.0
1.0,-0.012928485870361328,-3.1152894496917725,0.0
1.0,0.40876519680023193,-3.834475040435791,0.0
1.0,-1.869713544845581,-1.099700689315796,1.0
1.0,-0.4809458553791046,2.49507212638855,0.0
0.0,-2.1678504943847656,0.5161715149879456,0.0
1.0,-1.584899663925171,-1.053712010383606,0.0
1.0,-1.2157394886016846,1.000943899154663,0.0
0.0,-1.4170641899108887,-0.5390059947967529,1.0
0.0,0.7967329025268555,2.858914852142334,0.0
1.0,-0.5376724004745483,-0.7029199600219727,1.0
0.0,1.326708436012268,1.7468554973602295,1.0
0.0,1.306639313697815,-2.2971649169921875,1.0
0.0,-0.04834342002868652,1.4451334476470947,1.0
1.0,-0.9704508185386658,0.7699927687644958,1.0
0.0,1.0968643426895142,1.6263831853866577,0.0
1.0,2.588068723678589,-1.91832435131073,1.0
1.0,0.5373260974884033,-1.5883467197418213,1.0
1.0,-1.8310961723327637,-0.22506451606750488,0.0
1.0,0.6384537220001221,-0.5366272330284119,0.0
1.0,-1.9338455200195312,-3.088041067123413,0.0
0.0,-1.2947440147399902,1.4074972867965698,1.0
1.0,0.4536486566066742,-2.0313720703125,0.0
1.0,0.39198872447013855,-1.1953150033950806,1.0
0.0,3.352864980697632,0.7642295360565186,1.0
0.0,0.0748637318611145,0.3975924253463745,0.0
1.0,-0.8529866933822632,0.48597538471221924,0.0
1.0,-0.5028294324874878,0.30382663011550903,0.0
0.0,0.7305242419242859,-0.5185058116912842,1.0
0.0,-0.11352419853210449,0.7392347455024719,1.0
0.0,1.2673721313476562,1.9272749423980713,1.0
1.0,0.6193365454673767,2.0310750007629395,0.0
1.0,0.6346486806869507,-1.1610926389694214,1.0
1.0,1.7028541564941406,0.2408870905637741,0.0
1.0,2.1552672386169434,0.0449104905128479,1.0
0.0,-1.4180457592010498,-0.05287843942642212,0.0
0.0,-0.6840664148330688,-3.0046987533569336,0.0
0.0,-2.332784414291382,0.1932995319366455,0.0
0.0,-1.3565865755081177,-0.1327890157699585,0.0
1.0,-0.3764241635799408,-3.212231159210205,0.0
0.0,1.6208981275558472,-0.6501595377922058,1.0
0.0,-0.8205121159553528,-0.011714696884155273,0.0
1.0,-0.7786626815795898,0.0060828328132629395,0.0
1.0,0.6255850791931152,-1.017362356185913,0.0
1.0,0.3317636251449585,-1.5203156471252441,0.0
0.0,-0.1284724324941635,-1.0589570999145508,0.0
1.0,-0.6351453065872192,-1.2952462434768677,0.0
0.0,-0.37162357568740845,-2.6126785278320312,0.0
0.0,-2.418550729751587,2.257188320159912,0.0
1.0,0.31164366006851196,0.6948131322860718,0.0
1.0,-0.9770740866661072,1.659806728363037,0.0
0.0,0.9687169790267944,0.9351040124893188,1.0
0.0,0.22719267010688782,1.5113427639007568,0.0
1.0,-3.207815647125244,-1.3732879161834717,0.0
0.0,0.6414950489997864,1.6021147966384888,0.0
0.0,0.8381747007369995,0.2860835790634155,1.0
1.0,0.9541606903076172,-1.0315192937850952,1.0
1.0,-1.2036621570587158,-2.1634395122528076,1.0
0.0,1.4108682870864868,1.3461337089538574,1.0
1.0,2.082261085510254,1.1113299131393433,1.0
0.0,1.4202760457992554,-0.16254347562789917,1.0
0.0,-0.6985596418380737,-0.12027984857559204,1.0
0.0,0.6173170804977417,1.378509759902954,1.0
1.0,0.40515562891960144,1.7498812675476074,0.0
1.0,-0.8976969122886658,0.5563465356826782,1.0
0.0,1.2600854635238647,2.6537270545959473,1.0
0.0,1.8947088718414307,-0.6497617363929749,1.0
0.0,0.843940019607544,-0.1300451159477234,1.0
1.0,-0.8573120832443237,-0.6434118747711182,0.0
1.0,-0.7265034914016724,-3.3766703605651855,0.0
1.0,0.07784700393676758,0.6334142684936523,1.0
0.0,0.4225917458534241,1.4138164520263672,1.0
0.0,0.2815052270889282,1.4771631956100464,1.0
1.0,1.2948917150497437,-2.6181464195251465,0.0
1.0,-0.8237946033477783,0.10237020254135132,0.0
1.0,-0.2882447838783264,-2.691861629486084,0.0
0.0,0.41077131032943726,0.15138904750347137,0.0
0.0,0.9146056175231934,-0.6930413246154785,1.0
0.0,0.9607183933258057,-0.0291043221950531,1.0
1.0,0.9543967247009277,-1.1297615766525269,0.0
0.0,-0.37104111909866333,0.5251607894897461,1.0
0.0,1.0405898094177246,0.09078240394592285,0.0
0.0,-1.4583098888397217,0.9135322570800781,1.0
0.0,-1.0311033725738525,0.414919376373291,0.0
1.0,0.09676410257816315,2.0347955226898193,1.0
1.0,-0.7770992517471313,0.22628436982631683,1.0
1.0,2.7574682235717773,-0.43471264839172363,1.0
0.0,-1.1550195217132568,-0.3460967540740967,1.0
1.0,-0.8668751120567322,-0.9610506296157837,1.0
1.0,-0.8149709701538086,-2.3118669986724854,0.0
1.0,0.5818254351615906,0.9817484617233276,0.0
1.0,-1.22777259349823,-3.9855594635009766,0.0
0.0,0.6356642246246338,-2.1794991493225098,0.0
1.0,0.22540605068206787,-1.588362693786621,0.0
